partNumber,description,category,priceEur,purchaseCurrency,listSellingPrice,unit,brand,rating,poles,breakingCapacity,frameSize,notes
3WJ1108-2AE02-1AD0,800A 3P FIXED MANUAL ACB,ACB,857.81,EUR,0,1,SIEMENS,800A,3P,,,
3WJ1108-2AE12-1AD0,800A 4P FIXED MANUAL ACB,ACB,1149.01,EUR,0,1,SIEMENS,800A,4P,,,
3WJ1108-2AE32-1AD0,800A 3P WITHDRAWABLE MANUAL ACB,ACB,1048.21,EUR,0,1,SIEMENS,800A,3P,,,
3WJ1108-2AE42-1AD0,800A 4P WITHDRAWABLE MANUAL ACB,ACB,1472.21,EUR,0,1,SIEMENS,800A,4P,,,
3WJ1108-2AE02-4AD0,800A 3P FIXED MOTORIZED ACB,ACB,935.36,EUR,0,1,SIEMENS,800A,3P,,,
3WJ1108-2AE12-4AD0,800A 4P FIXED MOTORIZED ACB,ACB,1226.56,EUR,0,1,SIEMENS,800A,4P,,,
3WJ1108-2AE32-4AD0,800A 3P WITHDRAWABLE MOTORIZED ACB,ACB,1125.76,EUR,0,1,SIEMENS,800A,3P,,,
3WJ1108-2AE42-4AD0,800A 4P WITHDRAWABLE MOTORIZED ACB,ACB,1549.76,EUR,0,1,SIEMENS,800A,4P,,,
3WJ1108-2AE12-4DD0-Z F40+S55+T40,800A 4P WITHDRAWABLE MOTORIZED ACB-WITH ACCESORIES,ACB,1398.72,EUR,0,1,SIEMENS,800A,4P,,,
3WJ1110-2AE02-1AD0,1000A 3P FIXED MANUAL ACB,ACB,963.41,EUR,0,1,SIEMENS,1000A,3P,,,
3WJ1110-2AE12-1AD0,1000A 4P FIXED MANUAL ACB,ACB,1291.41,EUR,0,1,SIEMENS,1000A,4P,,,
3WJ1110-2AE32-1AD0,1000A 3P WITHDRAWABLE MANUAL ACB,ACB,1134.61,EUR,0,1,SIEMENS,1000A,3P,,,
3WJ1110-2AE42-1AD0,1000A 4P WITHDRAWABLE MANUAL ACB,ACB,1574.61,EUR,0,1,SIEMENS,1000A,4P,,,
3WJ1110-2AE02-4AD0,1000A 3P FIXED MOTORIZED ACB,ACB,1040.96,EUR,0,1,SIEMENS,1000A,3P,,,
3WJ1110-2AE12-4AD0,1000A 4P FIXED MOTORIZED ACB,ACB,1368.96,EUR,0,1,SIEMENS,1000A,4P,,,
3WJ1110-2AE32-4AD0,1000A 3P WITHDRAWABLE MOTORIZED ACB,ACB,1212.16,EUR,0,1,SIEMENS,1000A,3P,,,
3WJ1110-2AE42-4AD0,1000A 4P WITHDRAWABLE MOTORIZED ACB,ACB,1652.16,EUR,0,1,SIEMENS,1000A,4P,,,
3WJ1110-2AE42-4DD0-Z F40+R55+T40,1000A 4P WITHDRAWABLE MOTORIZED ACB-with changeover accessories,ACB,1985.92,EUR,0,1,SIEMENS,1000A,4P,,,
3WJ1112-2AE02-1AD0,1250A 3P FIXED MANUAL ACB,ACB,1041.81,EUR,0,1,SIEMENS,1250A,3P,,,
3WJ1112-2AE12-1AD0,1250A 4P FIXED MANUAL ACB,ACB,1349.01,EUR,0,1,SIEMENS,1250A,4P,,,
3WJ1112-2AE32-1AD0,1250A 3P WITHDRAWABLE MANUAL ACB,ACB,1241.81,EUR,0,1,SIEMENS,1250A,3P,,,
3WJ1112-2AE42-1AD0,1250A 4P WITHDRAWABLE MANUAL ACB,ACB,1736.21,EUR,0,1,SIEMENS,1250A,4P,,,
3WJ1112-2AE02-4AD0,1250A 3P FIXED MOTORIZED ACB,ACB,1119.36,EUR,0,1,SIEMENS,1250A,3P,,,
3WJ1112-2AE12-4AD0,1250A 4P FIXED MOTORIZED ACB,ACB,1426.56,EUR,0,1,SIEMENS,1250A,4P,,,
3WJ1112-2AE32-4AD0,1250A 3P WITHDRAWABLE MOTORIZED ACB,ACB,1319.36,EUR,0,1,SIEMENS,1250A,3P,,,
3WJ1112-2AE42-4AD0,1250A 4P WITHDRAWABLE MOTORIZED ACB,ACB,1813.76,EUR,0,1,SIEMENS,1250A,4P,,,
3WJ1112-2AE42-4DD0-Z F40+R55+T40,1250A 4P WITHDRAWABLE MOTORIZED ACB-with changeover accessories,ACB,1985.92,EUR,0,1,SIEMENS,1250A,4P,,,
3WJ1116-2AE02-1AD0,1600A 3P FIXED MANUAL ACB,ACB,1086.61,EUR,0,1,SIEMENS,1600A,3P,,,
3WJ1116-2AE12-1AD0,1600A 4P FIXED MANUAL ACB,ACB,1443.41,EUR,0,1,SIEMENS,1600A,4P,,,
3WJ1116-2AE32-1AD0,1600A 3P WITHDRAWABLE MANUAL ACB,ACB,1267.41,EUR,0,1,SIEMENS,1600A,3P,,,
3WJ1116-2AE42-1AD0,1600A 4P WITHDRAWABLE MANUAL ACB,ACB,1768.21,EUR,0,1,SIEMENS,1600A,4P,,,
3WJ1116-2AE02-4AD0,1600A 3P FIXED MOTORIZED ACB,ACB,1164.16,EUR,0,1,SIEMENS,1600A,3P,,,
3WJ1116-2AE12-4AD0,1600A 4P FIXED MOTORIZED ACB,ACB,1520.96,EUR,0,1,SIEMENS,1600A,4P,,,
3WJ1116-2AE32-4AD0,1600A 3P WITHDRAWABLE MOTORIZED ACB,ACB,1344.96,EUR,0,1,SIEMENS,1600A,3P,,,
3WJ1116-2AE42-4AD0,1600A 4P WITHDRAWABLE MOTORIZED ACB,ACB,1845.76,EUR,0,1,SIEMENS,1600A,4P,,,
3WJ1116-2AE42-4DD0-Z F40+R55+T40,1600A 4P WITHDRAWABLE MOTORIZED ACB-with changeover accessories,ACB,2017.92,EUR,0,1,SIEMENS,1600A,4P,,,
3WJ1220-2AE02-1AD0,2000A 3P FIXED MANUAL ACB,ACB,1481.81,EUR,0,1,SIEMENS,2000A,3P,,,
3WJ1220-2AE12-1AD0,2000A 4P FIXED MANUAL ACB,ACB,1944.21,EUR,0,1,SIEMENS,2000A,4P,,,
3WJ1220-2AE32-1AD0,2000A 3P WITHDRAWABLE MANUAL ACB,ACB,1617.81,EUR,0,1,SIEMENS,2000A,3P,,,
3WJ1220-2AE42-1AD0,2000A 4P WITHDRAWABLE MANUAL ACB,ACB,2136.21,EUR,0,1,SIEMENS,2000A,4P,,,
3WJ1220-2AE02-4AD0,2000A 3P FIXED MOTORIZED ACB,ACB,1559.36,EUR,0,1,SIEMENS,2000A,3P,,,
3WJ1220-2AE12-4AD0,2000A 4P FIXED MOTORIZED ACB,ACB,2021.76,EUR,0,1,SIEMENS,2000A,4P,,,
3WJ1220-2AE32-4AD0,2000A 3P WITHDRAWABLE MOTORIZED ACB,ACB,1695.36,EUR,0,1,SIEMENS,2000A,3P,,,
3WJ1220-2AE42-4AD0,2000A 4P WITHDRAWABLE MOTORIZED ACB,ACB,2213.76,EUR,0,1,SIEMENS,2000A,4P,,,
3WJ1220-2AE42-4DD0-Z F40+R55+T40,2000A 4P WITHDRAWABLE MOTORIZED ACB-with changeover accessories,ACB,2385.92,EUR,0,1,SIEMENS,2000A,4P,,,
3WJ1225-2AE02-1AD0,2500A 3P FIXED MANUAL ACB,ACB,1864.21,EUR,0,1,SIEMENS,2500A,3P,,,
3WJ1225-2AE12-1AD0,2500A 4P FIXED MANUAL ACB,ACB,2424.21,EUR,0,1,SIEMENS,2500A,4P,,,
3WJ1225-2AE32-1AD0,2500A 3P WITHDRAWABLE MANUAL ACB,ACB,2024.21,EUR,0,1,SIEMENS,2500A,3P,,,
3WJ1225-2AE42-1AD0,2500A 4P WITHDRAWABLE MANUAL ACB,ACB,2664.21,EUR,0,1,SIEMENS,2500A,4P,,,
3WJ1225-2AE02-4AD0,2500A 3P FIXED MOTORIZED ACB,ACB,1941.76,EUR,0,1,SIEMENS,2500A,3P,,,
3WJ1225-2AE12-4AD0,2500A 4P FIXED MOTORIZED ACB,ACB,2501.76,EUR,0,1,SIEMENS,2500A,4P,,,
3WJ1225-2AE32-4AD0,2500A 3P WITHDRAWABLE MOTORIZED ACB,ACB,2101.76,EUR,0,1,SIEMENS,2500A,3P,,,
3WJ1225-2AE42-4AD0,2500A 4P WITHDRAWABLE MOTORIZED ACB,ACB,2741.76,EUR,0,1,SIEMENS,2500A,4P,,,
3WJ1225-2AE42-4DD0-Z F40+R55+T40,2500A 4P WITHDRAWABLE MOTORIZED ACB-with changeover accessories,ACB,2913.92,EUR,0,1,SIEMENS,2500A,4P,,,
3WJ1232-2AE02-1AD0,3200A 3P FIXED MANUAL ACB,ACB,2296.21,EUR,0,1,SIEMENS,3200A,3P,,,
3WJ1232-2AE12-1AD0,3200A 4P FIXED MANUAL ACB,ACB,3016.21,EUR,0,1,SIEMENS,3200A,4P,,,
3WJ1232-2AE32-1AD0,3200A 3P WITHDRAWABLE MANUAL ACB,ACB,2504.21,EUR,0,1,SIEMENS,3200A,3P,,,
3WJ1232-2AE42-1AD0,3200A 4P WITHDRAWABLE MANUAL ACB,ACB,3288.21,EUR,0,1,SIEMENS,3200A,4P,,,
3WJ1232-2AE02-4AD0,3200A 3P FIXED MOTORIZED ACB,ACB,2373.76,EUR,0,1,SIEMENS,3200A,3P,,,
3WJ1232-2AE12-4AD0,3200A 4P FIXED MOTORIZED ACB,ACB,3093.76,EUR,0,1,SIEMENS,3200A,4P,,,
3WJ1232-2AE32-4AD0,3200A 3P WITHDRAWABLE MOTORIZED ACB,ACB,2581.76,EUR,0,1,SIEMENS,3200A,3P,,,
3WJ1232-2AE42-4AD0,3200A 4P WITHDRAWABLE MOTORIZED ACB,ACB,3365.76,EUR,0,1,SIEMENS,3200A,4P,,,
3WJ1232-2AE42-4DD0-Z F40+R55+T40,3200A 4P WITHDRAWABLE MOTORIZED ACB-with changeover accessories,ACB,3537.92,EUR,0,1,SIEMENS,3200A,4P,,,
3WJ1240-2AE01-1AD0,4000A 3P FIXED MANUAL ACB,ACB,2872.21,EUR,0,1,SIEMENS,4000A,3P,,,
3WJ1240-2AE11-1AD0,4000A 4P FIXED MANUAL ACB,ACB,3768.21,EUR,0,1,SIEMENS,4000A,4P,,,
3WJ1240-2AE31-1AD0,4000A 3P WITHDRAWABLE MANUAL ACB,ACB,3272.21,EUR,0,1,SIEMENS,4000A,3P,,,
3WJ1240-2AE41-1AD0,4000A 4P WITHDRAWABLE MANUAL ACB,ACB,4232.21,EUR,0,1,SIEMENS,4000A,4P,,,
3WJ1240-2AE01-4AD0,4000A 3P FIXED MOTORIZED ACB,ACB,2949.76,EUR,0,1,SIEMENS,4000A,3P,,,
3WJ1240-2AE11-4AD0,4000A 4P FIXED MOTORIZED ACB,ACB,3845.76,EUR,0,1,SIEMENS,4000A,4P,,,
3WJ1240-2AE31-4AD0,4000A 3P WITHDRAWABLE MOTORIZED ACB,ACB,3349.76,EUR,0,1,SIEMENS,4000A,3P,,,
3WJ1240-2AE41-4AD0,4000A 4P WITHDRAWABLE MOTORIZED ACB,ACB,4309.76,EUR,0,1,SIEMENS,4000A,4P,,,
3WJ1240-2AE41-4DD0-Z F40+R55+T40,4000A 4P WITHDRAWABLE MOTORIZED ACB-with changeover accessories,ACB,4481.92,EUR,0,1,SIEMENS,4000A,4P,,,
3WJ9111-0AG01,"Auxiliary switch block2NO+2NC, S6/S5",ACB SINOVA ACCESSORIES,37.44,EUR,0,1,SIEMENS,,,,,
3WJ9111-0AF06,Charging motor 220-240V AC / 220-250V DC,ACB SINOVA ACCESSORIES,137.28,EUR,0,1,SIEMENS,,,,,
3WJ9111-0AD06,Shunt Trip (ST) - for continuous duty 220-240V AC / 220-250V DC,ACB SINOVA ACCESSORIES,35.2,EUR,0,1,SIEMENS,,,,,
3WJ9111-0AE06,"Undervoltage Release (UVR): Instantaneous (:8ms), Short delay (:200ms)",ACB SINOVA ACCESSORIES,31.2,EUR,0,1,SIEMENS,,,,,
3WJ9111-0BB21,Bowden cable (2m) for fixedmounted design is necessary for each circuit breaker. Spare-part for Z-option S55,ACB SINOVA ACCESSORIES,123.04,EUR,0,1,SIEMENS,,,,,
3WJ9111-0BB22,Bowden cable (2m) for withdrawable design is necessary for each circuit breaker. Spare-part for Z-option R55,ACB SINOVA ACCESSORIES,123.04,EUR,0,1,SIEMENS,,,,,
3WJ9111-0BA43,Key interlocking system,ACB SINOVA ACCESSORIES,125.76,EUR,0,1,SIEMENS,,,,,
3WJ9111-0AH12,Position signaling switch,ACB SINOVA ACCESSORIES,44,EUR,0,1,SIEMENS,,,,,
3WJ9111-0AP01,Door sealing frame-IP41,ACB SINOVA ACCESSORIES,16.16,EUR,0,1,SIEMENS,,,,,
3WJ9111-0EE31,Electronic Trip Unit (ETU)-ETU350WJ LSI,ACB SINOVA ACCESSORIES,79.2,EUR,0,1,SIEMENS,,,,,
3WJ9111-0EE32,Electronic Trip Unit (ETU)-ETU360WJ LSING,ACB SINOVA ACCESSORIES,1515.2,EUR,0,1,SIEMENS,,,,,
3WJ9111-0EM21,Cover for Electronic Trip Unit for ETU350/360 WJ,ACB SINOVA ACCESSORIES,7.57,EUR,0,1,SIEMENS,,,,,
3VJ1002-0DA22-0AA0,"20A,DP,MCCB, Fixed, 10kA",MCCB,15.63,EUR,0,1,SIEMENS,20A,2P,10kA,,
3VJ1092-0DA22-0AA0,"25A,DP,MCCB, Fixed, 10kA",MCCB,15.63,EUR,0,1,SIEMENS,25A,2P,10kA,,
3VJ1003-0DA22-0AA0,"32A,DP,MCCB, Fixed,10kA",MCCB,15.63,EUR,0,1,SIEMENS,32A,2P,10kA,,
3VJ1004-0DA22-0AA0,"40A,DP,MCCB, Fixed,10kA",MCCB,15.63,EUR,0,1,SIEMENS,40A,2P,10kA,,
3VJ1005-0DA22-0AA0,"50A,DP,MCCB, Fixed,10kA",MCCB,15.63,EUR,0,1,SIEMENS,50A,2P,10kA,,
3VJ1006-0DA22-0AA0,"63A,DP,MCCB, Fixed,10kA",MCCB,15.63,EUR,0,1,SIEMENS,63A,2P,10kA,,
3VJ1008-0DA22-0AA0,"80A,DP,MCCB, Fixed,10kA",MCCB,15.63,EUR,0,1,SIEMENS,80A,2P,10kA,,
3VJ1010-0DA22-0AA0,"100A,DP,MCCB, Fixed,10kA",MCCB,15.63,EUR,0,1,SIEMENS,100A,2P,10kA,,
3VJ1012-0DA22-0AA0,"125A,DP,MCCB, Fixed,10kA",MCCB,24.96,EUR,0,1,SIEMENS,125A,2P,10kA,,
3VJ1002-0DA32-0AA0,"20A,TP,MCCB, Fixed, 10kA",MCCB,22.08,EUR,0,1,SIEMENS,20A,3P,10kA,,
3VJ1092-0DA32-0AA0,"25A,TP,MCCB, Fixed, 10kA",MCCB,22.08,EUR,0,1,SIEMENS,25A,3P,10kA,,
3VJ1003-0DA32-0AA0,"32A,TP,MCCB, Fixed,10kA",MCCB,22.08,EUR,0,1,SIEMENS,32A,3P,10kA,,
3VJ1004-0DA32-0AA0,"40A,TP,MCCB, Fixed,10kA",MCCB,22.08,EUR,0,1,SIEMENS,40A,3P,10kA,,
3VJ1005-0DA32-0AA0,"50A,TP,MCCB, Fixed,10kA",MCCB,22.08,EUR,0,1,SIEMENS,50A,3P,10kA,,
3VJ1006-0DA32-0AA0,"63A,TP,MCCB, Fixed,10kA",MCCB,22.08,EUR,0,1,SIEMENS,63A,3P,10kA,,
3VJ1008-0DA32-0AA0,"80A,TP,MCCB, Fixed,10kA",MCCB,22.08,EUR,0,1,SIEMENS,80A,3P,10kA,,
3VJ1010-0DA32-0AA0,"100A,TP,MCCB, Fixed,10kA",MCCB,22.08,EUR,0,1,SIEMENS,100A,3P,10kA,,
3VJ1012-0DA32-0AA0,"125A,TP,MCCB, Fixed,10kA",MCCB,35.68,EUR,0,1,SIEMENS,125A,3P,10kA,,
3VJ1002-0EA42-0AA0,"20A,4P,MCCB, Fixed, 10kA",MCCB,28.96,EUR,0,1,SIEMENS,20A,4P,10kA,,
3VJ1092-0EA42-0AA0,"25A,4P,MCCB, Fixed, 10kA",MCCB,28.96,EUR,0,1,SIEMENS,25A,4P,10kA,,
3VJ1003-0EA42-0AA0,"32A,4P,MCCB, Fixed,10kA",MCCB,28.96,EUR,0,1,SIEMENS,32A,4P,10kA,,
3VJ1004-0EA42-0AA0,"40A,4P,MCCB, Fixed,10kA",MCCB,28.96,EUR,0,1,SIEMENS,40A,4P,10kA,,
3VJ1005-0EA42-0AA0,"50A,4P,MCCB, Fixed,10kA",MCCB,28.96,EUR,0,1,SIEMENS,50A,4P,10kA,,
3VJ1006-0EA42-0AA0,"63A,4P,MCCB, Fixed,10kA",MCCB,28.96,EUR,0,1,SIEMENS,63A,4P,10kA,,
3VJ1008-0EA42-0AA0,"80A,4P,MCCB, Fixed,10kA",MCCB,28.96,EUR,0,1,SIEMENS,80A,4P,10kA,,
3VJ1010-0EA42-0AA0,"100A,4P,MCCB, Fixed,10kA",MCCB,28.96,EUR,0,1,SIEMENS,100A,4P,10kA,,
3VJ1012-0EA42-0AA0,"125A,4P,MCCB, Fixed,10kA",MCCB,46.24,EUR,0,1,SIEMENS,125A,4P,10kA,,
3VJ1002-0DB32-0AA0,"20A,TP,MCCB, Adjustable, 10kA",MCCB,22.4,EUR,0,1,SIEMENS,20A,3P,10kA,,
3VJ1092-0DB32-0AA0,"25A,TP,MCCB, Adjustable, 10kA",MCCB,22.4,EUR,0,1,SIEMENS,25A,3P,10kA,,
3VJ1003-0DB32-0AA0,"32A,TP,MCCB, Adjustable,10kA",MCCB,22.4,EUR,0,1,SIEMENS,32A,3P,10kA,,
3VJ1004-0DB32-0AA0,"40A,TP,MCCB, Adjustable,10kA",MCCB,22.4,EUR,0,1,SIEMENS,40A,3P,10kA,,
3VJ1005-0DB32-0AA0,"50A,TP,MCCB, Adjustable,10kA",MCCB,22.4,EUR,0,1,SIEMENS,50A,3P,10kA,,
3VJ1006-0DB32-0AA0,"63A,TP,MCCB, Adjustable,10kA",MCCB,22.4,EUR,0,1,SIEMENS,63A,3P,10kA,,
3VJ1008-0DB32-0AA0,"80A,TP,MCCB, Adjustable,10kA",MCCB,22.4,EUR,0,1,SIEMENS,80A,3P,10kA,,
3VJ1010-0DB32-0AA0,"100A,TP,MCCB, Adjustable,10kA",MCCB,22.4,EUR,0,1,SIEMENS,100A,3P,10kA,,
3VJ1012-0DB32-0AA0,"125A,TP,MCCB, Adjustable,10kA",MCCB,36.48,EUR,0,1,SIEMENS,125A,3P,10kA,,
3VJ1002-0EB42-0AA0,"20A,4P,MCCB, Adjustable, 10kA",MCCB,29.6,EUR,0,1,SIEMENS,20A,4P,10kA,,
3VJ1092-0EB42-0AA0,"25A,4P,MCCB, Adjustable, 10kA",MCCB,29.6,EUR,0,1,SIEMENS,25A,4P,10kA,,
3VJ1003-0EB42-0AA0,"32A,4P,MCCB, Adjustable,10kA",MCCB,29.6,EUR,0,1,SIEMENS,32A,4P,10kA,,
3VJ1004-0EB42-0AA0,"40A,4P,MCCB, Adjustable,10kA",MCCB,29.6,EUR,0,1,SIEMENS,40A,4P,10kA,,
3VJ1005-0EB42-0AA0,"50A,4P,MCCB, Adjustable,10kA",MCCB,29.6,EUR,0,1,SIEMENS,50A,4P,10kA,,
3VJ1006-0EB42-0AA0,"63A,4P,MCCB, Adjustable,10kA",MCCB,29.6,EUR,0,1,SIEMENS,63A,4P,10kA,,
3VJ1008-0EB42-0AA0,"80A,4P,MCCB, Adjustable,10kA",MCCB,29.6,EUR,0,1,SIEMENS,80A,4P,10kA,,
3VJ1010-0EB42-0AA0,"100A,4P,MCCB, Adjustable,10kA",MCCB,29.6,EUR,0,1,SIEMENS,100A,4P,10kA,,
3VJ1012-0EB42-0AA0,"125A,4P,MCCB, Adjustable,10kA",MCCB,47.36,EUR,0,1,SIEMENS,125A,4P,10kA,,
3VJ1002-1DA32-0AA0,"20A,TP,MCCB, Fixed, 18kA",MCCB,27.36,EUR,0,1,SIEMENS,20A,3P,18kA,,
3VJ1092-1DA32-0AA0,"25A,TP,MCCB, Fixed, 18kA",MCCB,27.36,EUR,0,1,SIEMENS,25A,3P,18kA,,
3VJ1003-1DA32-0AA0,"32A,TP,MCCB, Fixed, 18kA",MCCB,27.36,EUR,0,1,SIEMENS,32A,3P,18kA,,
3VJ1004-1DA32-0AA0,"40A,TP,MCCB, Fixed, 18kA",MCCB,27.36,EUR,0,1,SIEMENS,40A,3P,18kA,,
3VJ1005-1DA32-0AA0,"50A,TP,MCCB, Fixed, 18kA",MCCB,27.36,EUR,0,1,SIEMENS,50A,3P,18kA,,
3VJ1006-1DA32-0AA0,"63A,TP,MCCB, Fixed, 18kA",MCCB,27.36,EUR,0,1,SIEMENS,63A,3P,18kA,,
3VJ1008-1DA32-0AA0,"80A,TP,MCCB, Fixed, 18kA",MCCB,27.36,EUR,0,1,SIEMENS,80A,3P,18kA,,
3VJ1010-1DA32-0AA0,"100A,TP,MCCB, Fixed,18kA",MCCB,27.36,EUR,0,1,SIEMENS,100A,3P,18kA,,
3VJ1012-1DA32-0AA0,"125A,TP,MCCB, Fixed, 18kA",MCCB,43.2,EUR,0,1,SIEMENS,125A,3P,18kA,,
3VJ1002-1EA42-0AA0,"20A,4P,MCCB, Fixed, 18kA",MCCB,35.36,EUR,0,1,SIEMENS,20A,4P,18kA,,
3VJ1092-1EA42-0AA0,"25A,4P,MCCB, Fixed, 18kA",MCCB,35.36,EUR,0,1,SIEMENS,25A,4P,18kA,,
3VJ1003-1EA42-0AA0,"32A,4P,MCCB, Fixed, 18kA",MCCB,35.36,EUR,0,1,SIEMENS,32A,4P,18kA,,
3VJ1004-1EA42-0AA0,"40A,4P,MCCB, Fixed, 18kA",MCCB,35.36,EUR,0,1,SIEMENS,40A,4P,18kA,,
3VJ1005-1EA42-0AA0,"50A,4P,MCCB, Fixed, 18kA",MCCB,35.36,EUR,0,1,SIEMENS,50A,4P,18kA,,
3VJ1006-1EA42-0AA0,"63A,4P,MCCB, Fixed, 18kA",MCCB,35.36,EUR,0,1,SIEMENS,63A,4P,18kA,,
3VJ1008-1EA42-0AA0,"80A,4P,MCCB, Fixed, 18kA",MCCB,35.36,EUR,0,1,SIEMENS,80A,4P,18kA,,
3VJ1010-1EA42-0AA0,"100A,4P,MCCB, Fixed,18kA",MCCB,35.36,EUR,0,1,SIEMENS,100A,4P,18kA,,
3VJ1012-1EA42-0AA0,"125A,4P,MCCB, Fixed, 18kA",MCCB,56.64,EUR,0,1,SIEMENS,125A,4P,18kA,,
3VJ1002-1DB32-0AA0,"20A,TP,MCCB, Adjustable, 18kA",MCCB,27.68,EUR,0,1,SIEMENS,20A,3P,18kA,,
3VJ1092-1DB32-0AA0,"25A,TP,MCCB, Adjustable, 18kA",MCCB,27.68,EUR,0,1,SIEMENS,25A,3P,18kA,,
3VJ1003-1DB32-0AA0,"32A,TP,MCCB, Adjustable, 18kA",MCCB,27.68,EUR,0,1,SIEMENS,32A,3P,18kA,,
3VJ1004-1DB32-0AA0,"40A,TP,MCCB, Adjustable, 18kA",MCCB,27.68,EUR,0,1,SIEMENS,40A,3P,18kA,,
3VJ1005-1DB32-0AA0,"50A,TP,MCCB, Adjustable, 18kA",MCCB,27.68,EUR,0,1,SIEMENS,50A,3P,18kA,,
3VJ1006-1DB32-0AA0,"63A,TP,MCCB, Adjustable, 18kA",MCCB,27.68,EUR,0,1,SIEMENS,63A,3P,18kA,,
3VJ1008-1DB32-0AA0,"80A,TP,MCCB, Adjustable, 18kA",MCCB,27.68,EUR,0,1,SIEMENS,80A,3P,18kA,,
3VJ1010-1DB32-0AA0,"100A,TP,MCCB, Adjustable, 18kA",MCCB,27.68,EUR,0,1,SIEMENS,100A,3P,18kA,,
3VJ1012-1DB32-0AA0,"125A,TP,MCCB, Adjustable, 18kA",MCCB,44.64,EUR,0,1,SIEMENS,125A,3P,18kA,,
3VJ1002-1EB42-0AA0,"20A,4P,MCCB, Adjustable, 18kA",MCCB,35.84,EUR,0,1,SIEMENS,20A,4P,18kA,,
3VJ1092-1EB42-0AA0,"25A,4P,MCCB, Adjustable, 18kA",MCCB,35.84,EUR,0,1,SIEMENS,25A,4P,18kA,,
3VJ1003-1EB42-0AA0,"32A,4P,MCCB, Adjustable, 18kA",MCCB,35.84,EUR,0,1,SIEMENS,32A,4P,18kA,,
3VJ1004-1EB42-0AA0,"40A,4P,MCCB, Adjustable, 18kA",MCCB,35.84,EUR,0,1,SIEMENS,40A,4P,18kA,,
3VJ1005-1EB42-0AA0,"50A,4P,MCCB, Adjustable, 18kA",MCCB,35.84,EUR,0,1,SIEMENS,50A,4P,18kA,,
3VJ1006-1EB42-0AA0,"63A,4P,MCCB, Adjustable, 18kA",MCCB,35.84,EUR,0,1,SIEMENS,63A,4P,18kA,,
3VJ1008-1EB42-0AA0,"80A,4P,MCCB, Adjustable, 18kA",MCCB,35.84,EUR,0,1,SIEMENS,80A,4P,18kA,,
3VJ1010-1EB42-0AA0,"100A,4P,MCCB, Adjustable,18kA",MCCB,35.84,EUR,0,1,SIEMENS,100A,4P,18kA,,
3VJ1012-1EB42-0AA0,"125A,4P,MCCB, Adjustable, 18kA",MCCB,57.76,EUR,0,1,SIEMENS,125A,4P,18kA,,
3VJ1002-3DA32-0AA0,"20A,TP,MCCB, Fixed, 25kA",MCCB,32,EUR,0,1,SIEMENS,20A,3P,25kA,,
3VJ1092-3DA32-0AA0,"25A,TP,MCCB, Fixed, 25kA",MCCB,32,EUR,0,1,SIEMENS,25A,3P,25kA,,
3VJ1003-3DA32-0AA0,"32A,TP,MCCB, Fixed, 25kA",MCCB,32,EUR,0,1,SIEMENS,32A,3P,25kA,,
3VJ1004-3DA32-0AA0,"40A,TP,MCCB, Fixed, 25kA",MCCB,32,EUR,0,1,SIEMENS,40A,3P,25kA,,
3VJ1005-3DA32-0AA0,"50A,TP,MCCB, Fixed, 25kA",MCCB,32,EUR,0,1,SIEMENS,50A,3P,25kA,,
3VJ1006-3DA32-0AA0,"63A,TP,MCCB, Fixed, 25kA",MCCB,32,EUR,0,1,SIEMENS,63A,3P,25kA,,
3VJ1008-3DA32-0AA0,"80A,TP,MCCB, Fixed, 25kA",MCCB,32,EUR,0,1,SIEMENS,80A,3P,25kA,,
3VJ1010-3DA32-0AA0,"100A,TP,MCCB, Fixed,25kA",MCCB,32,EUR,0,1,SIEMENS,100A,3P,25kA,,
3VJ1012-3DA32-0AA0,"125A,TP,MCCB, Fixed, 25kA",MCCB,51.2,EUR,0,1,SIEMENS,125A,3P,25kA,,
3VJ1002-3EA42-0AA0,"20A,4P,MCCB, Fixed, 25kA",MCCB,41.44,EUR,0,1,SIEMENS,20A,4P,25kA,,
3VJ1092-3EA42-0AA0,"25A,4P,MCCB, Fixed, 25kA",MCCB,41.44,EUR,0,1,SIEMENS,25A,4P,25kA,,
3VJ1003-3EA42-0AA0,"32A,4P,MCCB, Fixed, 25kA",MCCB,41.44,EUR,0,1,SIEMENS,32A,4P,25kA,,
3VJ1004-3EA42-0AA0,"40A,4P,MCCB, Fixed, 25kA",MCCB,41.44,EUR,0,1,SIEMENS,40A,4P,25kA,,
3VJ1005-3EA42-0AA0,"50A,4P,MCCB, Fixed, 25kA",MCCB,41.44,EUR,0,1,SIEMENS,50A,4P,25kA,,
3VJ1006-3EA42-0AA0,"63A,4P,MCCB, Fixed, 25kA",MCCB,41.44,EUR,0,1,SIEMENS,63A,4P,25kA,,
3VJ1008-3EA42-0AA0,"80A,4P,MCCB, Fixed, 25kA",MCCB,41.44,EUR,0,1,SIEMENS,80A,4P,25kA,,
3VJ1010-3EA42-0AA0,"100A,4P,MCCB, Fixed,25kA",MCCB,41.44,EUR,0,1,SIEMENS,100A,4P,25kA,,
3VJ1002-3DB32-0AA0,"20A,TP,MCCB, Adjustable, 25kA",MCCB,32.48,EUR,0,1,SIEMENS,20A,3P,25kA,,
3VJ1092-3DB32-0AA0,"25A,TP,MCCB, Adjustable, 25kA",MCCB,32.48,EUR,0,1,SIEMENS,25A,3P,25kA,,
3VJ1003-3DB32-0AA0,"32A,TP,MCCB, Adjustable, 25kA",MCCB,32.48,EUR,0,1,SIEMENS,32A,3P,25kA,,
3VJ1004-3DB32-0AA0,"40A,TP,MCCB, Adjustable, 25kA",MCCB,32.48,EUR,0,1,SIEMENS,40A,3P,25kA,,
3VJ1005-3DB32-0AA0,"50A,TP,MCCB, Adjustable, 25kA",MCCB,32.48,EUR,0,1,SIEMENS,50A,3P,25kA,,
3VJ1006-3DB32-0AA0,"63A,TP,MCCB, Adjustable 25kA",MCCB,32.48,EUR,0,1,SIEMENS,63A,3P,25kA,,
3VJ1008-3DB32-0AA0,"80A,TP,MCCB, Adjustable, 25kA",MCCB,32.48,EUR,0,1,SIEMENS,80A,3P,25kA,,
3VJ1010-3DB32-0AA0,"100A,TP,MCCB, Adjustable,25kA",MCCB,32.48,EUR,0,1,SIEMENS,100A,3P,25kA,,
3VJ1012-3DB32-0AA0,"125A,TP,MCCB, Adjustable, 25kA",MCCB,52,EUR,0,1,SIEMENS,125A,3P,25kA,,
3VJ1002-3EB42-0AA0,"20A,4P,MCCB, Adjustable, 25kA",MCCB,42.08,EUR,0,1,SIEMENS,20A,4P,25kA,,
3VJ1092-3EB42-0AA0,"25A,4P,MCCB, Adjustable, 25kA",MCCB,42.08,EUR,0,1,SIEMENS,25A,4P,25kA,,
3VJ1003-3EB42-0AA0,"32A,4P,MCCB, Adjustable, 25kA",MCCB,42.08,EUR,0,1,SIEMENS,32A,4P,25kA,,
3VJ1004-3EB42-0AA0,"40A,4P,MCCB, Adjustable, 25kA",MCCB,42.08,EUR,0,1,SIEMENS,40A,4P,25kA,,
3VJ1005-3EB42-0AA0,"50A,4P,MCCB, Adjustable, 25kA",MCCB,42.08,EUR,0,1,SIEMENS,50A,4P,25kA,,
3VJ1006-3EB42-0AA0,"63A,4P,MCCB, Adjustable 25kA",MCCB,42.08,EUR,0,1,SIEMENS,63A,4P,25kA,,
3VJ1008-3EB42-0AA0,"80A,4P,MCCB, Adjustable, 25kA",MCCB,42.08,EUR,0,1,SIEMENS,80A,4P,25kA,,
3VJ1010-3EB42-0AA0,"100A,4P,MCCB, Adjustable,25kA",MCCB,42.08,EUR,0,1,SIEMENS,100A,4P,25kA,,
3VJ1012-3EB42-0AA0,"125A,4P,MCCB, Adjustable, 25kA",MCCB,67.52,EUR,0,1,SIEMENS,125A,4P,25kA,,
3VJ1192-3DA32-0AA0,"25A,TP,MCCB, Fixed, 25kA",MCCB,33.12,EUR,0,1,SIEMENS,25A,3P,25kA,,
3VJ1103-3DA32-0AA0,"32A,TP,MCCB, Fixed, 25kA",MCCB,33.12,EUR,0,1,SIEMENS,32A,3P,25kA,,
3VJ1104-3DA32-0AA0,"40A,TP,MCCB, Fixed, 25kA",MCCB,33.12,EUR,0,1,SIEMENS,40A,3P,25kA,,
3VJ1105-3DA32-0AA0,"50A,TP,MCCB, Fixed, 25kA",MCCB,33.12,EUR,0,1,SIEMENS,50A,3P,25kA,,
3VJ1106-3DA32-0AA0,"63A,TP,MCCB, Fixed,25kA",MCCB,33.12,EUR,0,1,SIEMENS,63A,3P,25kA,,
3VJ1108-3DA32-0AA0,"80A,TP,MCCB, Fixed, 25kA",MCCB,33.12,EUR,0,1,SIEMENS,80A,3P,25kA,,
3VJ1110-3DA32-0AA0,"100A,TP,MCCB, Fixed, 25kA",MCCB,33.12,EUR,0,1,SIEMENS,100A,3P,25kA,,
3VJ1112-3DA32-0AA0,"125A,TP,MCCB, Fixed, 25kA",MCCB,53.44,EUR,0,1,SIEMENS,125A,3P,25kA,,
3VJ1192-3EA42-0AA0,"25A,4P,MCCB, Fixed, 25kA",MCCB,43.2,EUR,0,1,SIEMENS,25A,4P,25kA,,
3VJ1103-3EA42-0AA0,"32A,4P,MCCB, Fixed, 25kA",MCCB,43.2,EUR,0,1,SIEMENS,32A,4P,25kA,,
3VJ1104-3EA42-0AA0,"40A,4P,MCCB, Fixed, 25kA",MCCB,43.2,EUR,0,1,SIEMENS,40A,4P,25kA,,
3VJ1105-3EA42-0AA0,"50A,4P,MCCB, Fixed, 25kA",MCCB,43.2,EUR,0,1,SIEMENS,50A,4P,25kA,,
3VJ1106-3EA42-0AA0,"63A,4P,MCCB, Fixed,25kA",MCCB,43.2,EUR,0,1,SIEMENS,63A,4P,25kA,,
3VJ1108-3EA42-0AA0,"80A,4P,MCCB, Fixed, 25kA",MCCB,43.2,EUR,0,1,SIEMENS,80A,4P,25kA,,
3VJ1110-3EA42-0AA0,"100A,4P,MCCB, Fixed, 25kA",MCCB,43.2,EUR,0,1,SIEMENS,100A,4P,25kA,,
3VJ1112-3EA42-0AA0,"125A,4P,MCCB, Fixed, 25kA",MCCB,69.28,EUR,0,1,SIEMENS,125A,4P,25kA,,
3VJ1192-3DB32-0AA0,"25A,TP,MCCB, Adjustable, 25kA",MCCB,34.08,EUR,0,1,SIEMENS,25A,3P,25kA,,
3VJ1103-3DB32-0AA0,"32A,TP,MCCB, Adjustable, 25kA",MCCB,34.08,EUR,0,1,SIEMENS,32A,3P,25kA,,
3VJ1104-3DB32-0AA0,"40A,TP,MCCB, Adjustable, 25kA",MCCB,34.08,EUR,0,1,SIEMENS,40A,3P,25kA,,
3VJ1105-3DB32-0AA0,"50A,TP,MCCB, Adjustable, 25kA",MCCB,34.08,EUR,0,1,SIEMENS,50A,3P,25kA,,
3VJ1106-3DB32-0AA0,"63A,TP,MCCB, Adjustable,25kA",MCCB,34.08,EUR,0,1,SIEMENS,63A,3P,25kA,,
3VJ1108-3DB32-0AA0,"80A,TP,MCCB, Adjustable, 25kA",MCCB,34.08,EUR,0,1,SIEMENS,80A,3P,25kA,,
3VJ1110-3DB32-0AA0,"100A,TP,MCCB, Adjustable, 25kA",MCCB,34.08,EUR,0,1,SIEMENS,100A,3P,25kA,,
3VJ1112-3DB32-0AA0,"125A,TP,MCCB, Adjustable, 25kA",MCCB,54.24,EUR,0,1,SIEMENS,125A,3P,25kA,,
3VJ1192-3EB42-0AA0,"25A,4P,MCCB, Adjustable, 25kA",MCCB,44.48,EUR,0,1,SIEMENS,25A,4P,25kA,,
3VJ1103-3EB42-0AA0,"32A,4P,MCCB, Adjustable, 25kA",MCCB,44.48,EUR,0,1,SIEMENS,32A,4P,25kA,,
3VJ1104-3EB42-0AA0,"40A,4P,MCCB, Adjustable, 25kA",MCCB,44.48,EUR,0,1,SIEMENS,40A,4P,25kA,,
3VJ1105-3EB42-0AA0,"50A,4P,MCCB, Adjustable, 25kA",MCCB,44.48,EUR,0,1,SIEMENS,50A,4P,25kA,,
3VJ1106-3EB42-0AA0,"63A,4P,MCCB, Adjustable,25kA",MCCB,44.48,EUR,0,1,SIEMENS,63A,4P,25kA,,
3VJ1108-3EB42-0AA0,"80A,4P,MCCB, Adjustable, 25kA",MCCB,44.48,EUR,0,1,SIEMENS,80A,4P,25kA,,
3VJ1110-3EB42-0AA0,"100A,4P,MCCB, Adjustable, 25kA",MCCB,44.48,EUR,0,1,SIEMENS,100A,4P,25kA,,
3VJ1112-3EB42-0AA0,"125A,4P,MCCB, Adjustable, 25kA",MCCB,70.4,EUR,0,1,SIEMENS,125A,4P,25kA,,
3VJ1192-5DA32-0AA0,"25A,TP,MCCB, Fixed, 36kA",MCCB,36.16,EUR,0,1,SIEMENS,25A,3P,36kA,,
3VJ1103-5DA32-0AA0,"32A,TP,MCCB, Fixed, 36kA",MCCB,36.16,EUR,0,1,SIEMENS,32A,3P,36kA,,
3VJ1104-5DA32-0AA0,"40A,TP,MCCB, Fixed, 36kA",MCCB,36.16,EUR,0,1,SIEMENS,40A,3P,36kA,,
3VJ1105-5DA32-0AA0,"50A,TP,MCCB, Fixed, 36kA",MCCB,36.16,EUR,0,1,SIEMENS,50A,3P,36kA,,
3VJ1106-5DA32-0AA0,"63A,TP,MCCB, Fixed, 36kA",MCCB,36.16,EUR,0,1,SIEMENS,63A,3P,36kA,,
3VJ1108-5DA32-0AA0,"80A,TP,MCCB, Fixed, 36kA",MCCB,36.16,EUR,0,1,SIEMENS,80A,3P,36kA,,
3VJ1110-5DA32-0AA0,"100A,TP,MCCB, Fixed, 36kA",MCCB,36.16,EUR,0,1,SIEMENS,100A,3P,36kA,,
3VJ1112-5DA32-0AA0,"125A,TP,MCCB, Fixed, 36kA",MCCB,58.08,EUR,0,1,SIEMENS,125A,3P,36kA,,
3VJ1192-5EA42-0AA0,"25A,4P,MCCB, Fixed, 36kA",MCCB,47.04,EUR,0,1,SIEMENS,25A,4P,36kA,,
3VJ1103-5EA42-0AA0,"32A,4P,MCCB, Fixed, 36kA",MCCB,47.04,EUR,0,1,SIEMENS,32A,4P,36kA,,
3VJ1104-5EA42-0AA0,"40A,4P,MCCB, Fixed, 36kA",MCCB,47.04,EUR,0,1,SIEMENS,40A,4P,36kA,,
3VJ1105-5EA42-0AA0,"50A,4P,MCCB, Fixed, 36kA",MCCB,47.04,EUR,0,1,SIEMENS,50A,4P,36kA,,
3VJ1106-5EA42-0AA0,"63A,4P,MCCB, Fixed, 36kA",MCCB,47.04,EUR,0,1,SIEMENS,63A,4P,36kA,,
3VJ1108-5EA42-0AA0,"80A,4P,MCCB, Fixed, 36kA",MCCB,47.04,EUR,0,1,SIEMENS,80A,4P,36kA,,
3VJ1110-5EA42-0AA0,"100A,4P,MCCB, Fixed, 36kA",MCCB,47.04,EUR,0,1,SIEMENS,100A,4P,36kA,,
3VJ1112-5EA42-0AA0,"125A,4P,MCCB, Fixed, 36kA",MCCB,75.04,EUR,0,1,SIEMENS,125A,4P,36kA,,
3VJ1192-5DB32-0AA0,"25A,TP,MCCB, Adjustable, 36kA",MCCB,37.12,EUR,0,1,SIEMENS,25A,3P,36kA,,
3VJ1103-5DB32-0AA0,"32A,TP,MCCB, Adjustable, 36kA",MCCB,37.12,EUR,0,1,SIEMENS,32A,3P,36kA,,
3VJ1104-5DB32-0AA0,"40A,TP,MCCB, Adjustable, 36kA",MCCB,37.12,EUR,0,1,SIEMENS,40A,3P,36kA,,
3VJ1105-5DB32-0AA0,"50A,TP,MCCB, Adjustable, 36kA",MCCB,37.12,EUR,0,1,SIEMENS,50A,3P,36kA,,
3VJ1106-5DB32-0AA0,"63A,TP,MCCB, Adjustable, 36kA",MCCB,37.12,EUR,0,1,SIEMENS,63A,3P,36kA,,
3VJ1108-5DB32-0AA0,"80A,TP,MCCB, Adjustable, 36kA",MCCB,37.12,EUR,0,1,SIEMENS,80A,3P,36kA,,
3VJ1110-5DB32-0AA0,"100A,TP,MCCB, Adjustable, , 36kA",MCCB,37.12,EUR,0,1,SIEMENS,100A,3P,36kA,,
3VJ1112-5DB32-0AA0,"125A,TP,MCCB, Adjustable, 36kA",MCCB,58.88,EUR,0,1,SIEMENS,125A,3P,36kA,,
3VJ1192-5EB42-0AA0,"25A, 4P,MCCB, Adjustable, 36kA",MCCB,48,EUR,0,1,SIEMENS,25A,4P,36kA,,
3VJ1103-5EB42-0AA0,"32A,4P,MCCB, Adjustable, 36kA",MCCB,48,EUR,0,1,SIEMENS,32A,4P,36kA,,
3VJ1104-5EB42-0AA0,"40A,4P,MCCB, Adjustable, 36kA",MCCB,48,EUR,0,1,SIEMENS,40A,4P,36kA,,
3VJ1105-5EB42-0AA0,"50A,4P,MCCB, Adjustable, 36kA",MCCB,48,EUR,0,1,SIEMENS,50A,4P,36kA,,
3VJ1106-5EB42-0AA0,"63A,4P,MCCB, Adjustable, 36kA",MCCB,48,EUR,0,1,SIEMENS,63A,4P,36kA,,
3VJ1108-5EB42-0AA0,"80A,4P,MCCB, Adjustable, 36kA",MCCB,48,EUR,0,1,SIEMENS,80A,4P,36kA,,
3VJ1110-5EB42-0AA0,"100A,4P,MCCB, Adjustable, , 36kA",MCCB,48,EUR,0,1,SIEMENS,100A,4P,36kA,,
3VJ1112-5EB42-0AA0,"125A,4P,MCCB, Adjustable, 36kA",MCCB,76.8,EUR,0,1,SIEMENS,125A,4P,36kA,,
3VJ1192-7DA32-0AA0,"25A,TP,MCCB, Fixed, 55A",MCCB,39.68,EUR,0,1,SIEMENS,25A,3P,,,
3VJ1103-7DA32-0AA0,"32A,TP,MCCB, Fixed, 55kA",MCCB,39.68,EUR,0,1,SIEMENS,32A,3P,55kA,,
3VJ1104-7DA32-0AA0,"40A,TP,MCCB, Fixed, 55kA",MCCB,39.68,EUR,0,1,SIEMENS,40A,3P,55kA,,
3VJ1105-7DA32-0AA0,"50A,TP,MCCB, Fixed, 55kA",MCCB,39.68,EUR,0,1,SIEMENS,50A,3P,55kA,,
3VJ1106-7DA32-0AA0,"63A,TP,MCCB, Fixed, 55kA",MCCB,39.68,EUR,0,1,SIEMENS,63A,3P,55kA,,
3VJ1108-7DA32-0AA0,"80A,TP,MCCB, Fixed, 55kA",MCCB,39.68,EUR,0,1,SIEMENS,80A,3P,55kA,,
3VJ1110-7DA32-0AA0,"100A,TP,MCCB, Fixed, 55kA",MCCB,39.68,EUR,0,1,SIEMENS,100A,3P,55kA,,
3VJ1112-7DA32-0AA0,"125A,TP,MCCB, Fixed, 55kA",MCCB,64,EUR,0,1,SIEMENS,125A,3P,55kA,,
3VJ1192-7EA42-0AA0,"25A,4P,MCCB, Fixed, 55kA",MCCB,51.68,EUR,0,1,SIEMENS,25A,4P,55kA,,
3VJ1103-7EA42-0AA0,"32A,4P,MCCB, Fixed, 55kA",MCCB,51.68,EUR,0,1,SIEMENS,32A,4P,55kA,,
3VJ1104-7EA42-0AA0,"40A,4P,MCCB, Fixed, 55kA",MCCB,51.68,EUR,0,1,SIEMENS,40A,4P,55kA,,
3VJ1105-7EA42-0AA0,"50A,4P,MCCB, Fixed, 55kA",MCCB,51.68,EUR,0,1,SIEMENS,50A,4P,55kA,,
3VJ1106-7EA42-0AA0,"63A,4P,MCCB, Fixed, 55kA",MCCB,51.68,EUR,0,1,SIEMENS,63A,4P,55kA,,
3VJ1108-7EA42-0AA0,"80A,4P,MCCB, Fixed, 55kA",MCCB,51.68,EUR,0,1,SIEMENS,80A,4P,55kA,,
3VJ1110-7EA42-0AA0,"100A,4P,MCCB, Fixed, 55kA",MCCB,51.68,EUR,0,1,SIEMENS,100A,4P,55kA,,
3VJ1112-7EA42-0AA0,"125A,4P,MCCB, Fixed, 55kA",MCCB,82.72,EUR,0,1,SIEMENS,125A,4P,55kA,,
3VJ1192-7DB32-0AA0,"25A,TP,MCCB, Adjustable, 55A",MCCB,40.64,EUR,0,1,SIEMENS,25A,3P,,,
3VJ1103-7DB32-0AA0,"32A,TP,MCCB,Adjustable, 55kA",MCCB,40.64,EUR,0,1,SIEMENS,32A,3P,55kA,,
3VJ1104-7DB32-0AA0,"40A,TP,MCCB, Adjustable, 55kA",MCCB,40.64,EUR,0,1,SIEMENS,40A,3P,55kA,,
3VJ1105-7DB32-0AA0,"50A,TP,MCCB, Adjustable, 55kA",MCCB,40.64,EUR,0,1,SIEMENS,50A,3P,55kA,,
3VJ1106-7DB32-0AA0,"63A,TP,MCCB, Adjustable, 55kA",MCCB,40.64,EUR,0,1,SIEMENS,63A,3P,55kA,,
3VJ1108-7DB32-0AA0,"80A,TP,MCCB, Adjustable, 55kA",MCCB,40.64,EUR,0,1,SIEMENS,80A,3P,55kA,,
3VJ1110-7DB32-0AA0,"100A,TP,MCCB, Adjustable, 55kA",MCCB,40.64,EUR,0,1,SIEMENS,100A,3P,55kA,,
3VJ1112-7DB32-0AA0,"125A,TP,MCCB, Adjustable 55kA",MCCB,64.96,EUR,0,1,SIEMENS,125A,3P,55kA,,
3VJ1192-7EB42-0AA0,"25A,4P,MCCB, Adjustable, 55kA",MCCB,53.12,EUR,0,1,SIEMENS,25A,4P,55kA,,
3VJ1103-7EB42-0AA0,"32A,4P,MCCB,Adjustable, 55kA",MCCB,53.12,EUR,0,1,SIEMENS,32A,4P,55kA,,
3VJ1104-7EB42-0AA0,"40A,4P,MCCB, Adjustable, 55kA",MCCB,53.12,EUR,0,1,SIEMENS,40A,4P,55kA,,
3VJ1105-7EB42-0AA0,"50A,4P,MCCB, Adjustable, 55kA",MCCB,53.12,EUR,0,1,SIEMENS,50A,4P,55kA,,
3VJ1106-7EB42-0AA0,"63A,4P,MCCB,Adjustable, 55kA",MCCB,53.12,EUR,0,1,SIEMENS,63A,4P,55kA,,
3VJ1108-7EB42-0AA0,"80A,4P,MCCB, Adjustable, 55kA",MCCB,53.12,EUR,0,1,SIEMENS,80A,4P,55kA,,
3VJ1110-7EB42-0AA0,"100A,4P,MCCB, Adjustable, 55kA",MCCB,53.12,EUR,0,1,SIEMENS,100A,4P,55kA,,
3VJ1112-7EB42-0AA0,"125A,4P,MCCB, Adjustable, 55kA",MCCB,84.48,EUR,0,1,SIEMENS,125A,4P,55kA,,
3VJ1216-1DB32-0AA0,"160A,TP,MCCB, Adjustable, 18kA",MCCB,60.16,EUR,0,1,SIEMENS,160A,3P,18kA,,
3VJ1220-1DB32-0AA0,"200A,TP,MCCB, Adjustable,18kA",MCCB,75.04,EUR,0,1,SIEMENS,200A,3P,18kA,,
3VJ1225-1DB32-0AA0,"250A,TP,MCCB, Adjustable, 18kA",MCCB,84.64,EUR,0,1,SIEMENS,250A,3P,18kA,,
3VJ1216-1EB42-0AA0,"160A,4P,MCCB, Adjustable, 18kA",MCCB,78.4,EUR,0,1,SIEMENS,160A,4P,18kA,,
3VJ1220-1EB42-0AA0,"200A,4P,MCCB, Adjustable,18kA",MCCB,97.92,EUR,0,1,SIEMENS,200A,4P,18kA,,
3VJ1225-1EB42-0AA0,"250A,4P,MCCB, Adjustable, 18kA",MCCB,109.76,EUR,0,1,SIEMENS,250A,4P,18kA,,
3VJ1216-3DA32-0AA0,"160A,TP,MCCB, Fixed, 25kA",MCCB,69.6,EUR,0,1,SIEMENS,160A,3P,25kA,,
3VJ1220-3DA32-0AA0,"200A,TP,MCCB, Fixed, 25kA",MCCB,86.88,EUR,0,1,SIEMENS,200A,3P,25kA,,
3VJ1225-3DA32-0AA0,"250A,TP,MCCB, Fixed, 25kA",MCCB,97.12,EUR,0,1,SIEMENS,250A,3P,25kA,,
3VJ1216-3EA42-0AA0,"160A,4P,MCCB, Fixed, 25kA",MCCB,90.4,EUR,0,1,SIEMENS,160A,4P,25kA,,
3VJ1220-3EA42-0AA0,"200A,4P,MCCB, Fixed, 25kA",MCCB,112.8,EUR,0,1,SIEMENS,200A,4P,25kA,,
3VJ1225-3EA42-0AA0,"250A,4P,MCCB, Fixed, 25kA",MCCB,126.72,EUR,0,1,SIEMENS,250A,4P,25kA,,
3VJ1216-3DB32-0AA0,"160A,TP,MCCB, Adjustable, 25kA",MCCB,70.88,EUR,0,1,SIEMENS,160A,3P,25kA,,
3VJ1220-3DB32-0AA0,"200A,TP,MCCB, Adjustable, 25kA",MCCB,88.64,EUR,0,1,SIEMENS,200A,3P,25kA,,
3VJ1225-3DB32-0AA0,"250A,TP,MCCB, Adjustable, 25kA",MCCB,99.52,EUR,0,1,SIEMENS,250A,3P,25kA,,
3VJ1216-3EB42-0AA0,"160A,4P,MCCB, Adjustable, 25kA",MCCB,92.48,EUR,0,1,SIEMENS,160A,4P,25kA,,
3VJ1220-3EB42-0AA0,"200A,4P,MCCB, Adjustable, 25kA",MCCB,115.2,EUR,0,1,SIEMENS,200A,4P,25kA,,
3VJ1225-3EB42-0AA0,"250A,4P,MCCB, Adjustable, 25kA",MCCB,129.28,EUR,0,1,SIEMENS,250A,4P,25kA,,
3VJ1216-5DA32-0AA0,"160A,TP,MCCB, Fixed, 36kA",MCCB,75.52,EUR,0,1,SIEMENS,160A,3P,36kA,,
3VJ1220-5DA32-0AA0,"200A,TP,MCCB, Fixed, 36kA",MCCB,94.56,EUR,0,1,SIEMENS,200A,3P,36kA,,
3VJ1225-5DA32-0AA0,"250A,TP,MCCB, Fixed, 36kA",MCCB,105.76,EUR,0,1,SIEMENS,250A,3P,36kA,,
3VJ1216-5EA42-0AA0,"160A,4P,MCCB, Fixed, 36kA",MCCB,98.08,EUR,0,1,SIEMENS,160A,4P,36kA,,
3VJ1220-5EA42-0AA0,"200A,4P,MCCB, Fixed, 36kA",MCCB,122.88,EUR,0,1,SIEMENS,200A,4P,36kA,,
3VJ1225-5EA42-0AA0,"250A,4P,MCCB, Fixed, 36kA",MCCB,137.6,EUR,0,1,SIEMENS,250A,4P,36kA,,
3VJ1216-5DB32-0AA0,"160A,TP,MCCB, Adjustable, 36kA",MCCB,76.96,EUR,0,1,SIEMENS,160A,3P,36kA,,
3VJ1225-5DB32-0AA0,"250A,TP,MCCB, Adjustable, 36kA",MCCB,108.32,EUR,0,1,SIEMENS,250A,3P,36kA,,
3VJ1216-5EB42-0AA0,"160A,4P,MCCB, Adjustable, 36kA",MCCB,100.32,EUR,0,1,SIEMENS,160A,4P,36kA,,
3VJ1220-5EB42-0AA0,"200A,4P,MCCB, Adjustable, 36kA",MCCB,125.12,EUR,0,1,SIEMENS,200A,4P,36kA,,
3VJ1225-5EB42-0AA0,"250A,4P,MCCB, Adjustable, 36kA",MCCB,140.64,EUR,0,1,SIEMENS,250A,4P,36kA,,
3VJ1216-7DA32-0AA0,"160A,TP,MCCB, Fixed, 55kA",MCCB,83.04,EUR,0,1,SIEMENS,160A,3P,55kA,,
3VJ1220-7DA32-0AA0,"200A,TP,MCCB, Fixed, 55kA",MCCB,103.68,EUR,0,1,SIEMENS,200A,3P,55kA,,
3VJ1225-7DA32-0AA0,"250A,TP,MCCB, Fixed, 55kA",MCCB,116.48,EUR,0,1,SIEMENS,250A,3P,55kA,,
3VJ1216-7EA42-0AA0,"160A,4P,MCCB, Fixed, 55kA",MCCB,108.32,EUR,0,1,SIEMENS,160A,4P,55kA,,
3VJ1220-7EA42-0AA0,"200A,4P,MCCB, Fixed, 55kA",MCCB,135.04,EUR,0,1,SIEMENS,200A,4P,55kA,,
3VJ1225-7EA42-0AA0,"250A,4P,MCCB, Fixed, 55kA",MCCB,151.52,EUR,0,1,SIEMENS,250A,4P,55kA,,
3VJ1216-7DB32-0AA0,"160A,TP,MCCB, Adjustable, 55kA",MCCB,84.8,EUR,0,1,SIEMENS,160A,3P,55kA,,
3VJ1220-7DB32-0AA0,"200A,TP,MCCB, Adjustable, 55kA",MCCB,105.92,EUR,0,1,SIEMENS,200A,3P,55kA,,
3VJ1225-7DB32-0AA0,"250A,TP,MCCB, Adjustable 55kA",MCCB,118.72,EUR,0,1,SIEMENS,250A,3P,55kA,,
3VJ1216-7EB42-0AA0,"160A,4P,MCCB, Adjustable, 55kA",MCCB,110.08,EUR,0,1,SIEMENS,160A,4P,55kA,,
3VJ1220-7EB42-0AA0,"200A,4P,MCCB, Adjustable, 55kA",MCCB,138.08,EUR,0,1,SIEMENS,200A,4P,55kA,,
3VJ1225-7EB42-0AA0,"250A,4P,MCCB, Adjustable, 55kA",MCCB,154.56,EUR,0,1,SIEMENS,250A,4P,55kA,,
3VJ1332-3DA32-0AA0,"320A,TP,MCCB, Fixed, 25kA",MCCB,127.2,EUR,0,1,SIEMENS,320A,3P,25kA,,
3VJ1340-3DA32-0AA0,"400A,TP,MCCB, Fixed, 25kA",MCCB,127.2,EUR,0,1,SIEMENS,400A,3P,25kA,,
3VJ1332-3EA42-0AA0,"320A,4P,MCCB, Fixed, 25kA",MCCB,166.4,EUR,0,1,SIEMENS,320A,4P,25kA,,
3VJ1340-3EA42-0AA0,"400A,4P,MCCB, Fixed, 25kA",MCCB,166.4,EUR,0,1,SIEMENS,400A,4P,25kA,,
3VJ1332-3DB32-0AA0,"320A,TP,MCCB, Adjustable, 25kA",MCCB,129.92,EUR,0,1,SIEMENS,320A,3P,25kA,,
3VJ1340-3DB32-0AA0,"400A,TP,MCCB, Adjustable, 25kA",MCCB,129.92,EUR,0,1,SIEMENS,400A,3P,25kA,,
3VJ1332-3EB42-0AA0,"320A,4P,MCCB, Adjustable, 25kA",MCCB,171.2,EUR,0,1,SIEMENS,320A,4P,25kA,,
3VJ1340-3EB42-0AA0,"400A,4P,MCCB, Adjustable, 25kA",MCCB,171.2,EUR,0,1,SIEMENS,400A,4P,25kA,,
3VJ1332-5DA32-0AA0,"320A,TP,MCCB, Fixed, 36kA",MCCB,138.4,EUR,0,1,SIEMENS,320A,3P,36kA,,
3VJ1340-5DA32-0AA0,"400A,TP,MCCB, Fixed, 36kA",MCCB,138.4,EUR,0,1,SIEMENS,400A,3P,36kA,,
3VJ1332-5EA42-0AA0,"320A,TP,MCCB, Fixed, 36kA",MCCB,180.8,EUR,0,1,SIEMENS,320A,3P,36kA,,
3VJ1340-5EA42-0AA0,"400A,4P,MCCB, Fixed, 36kA",MCCB,180.8,EUR,0,1,SIEMENS,400A,4P,36kA,,
3VJ1332-5DB32-0AA0,"320A,TP,MCCB, Adjustable, 36kA",MCCB,141.12,EUR,0,1,SIEMENS,320A,3P,36kA,,
3VJ1340-5DB32-0AA0,"400A,TP,MCCB, Adjustable, 36kA",MCCB,141.12,EUR,0,1,SIEMENS,400A,3P,36kA,,
3VJ1332-5EB42-0AA0,"320A,4P,MCCB, Adjustable, 36kA",MCCB,185.6,EUR,0,1,SIEMENS,320A,4P,36kA,,
3VJ1340-5EB42-0AA0,"400A,4P,MCCB, Adjustable, 36kA",MCCB,185.6,EUR,0,1,SIEMENS,400A,4P,36kA,,
3VJ1332-7DA32-0AA0,"320A,TP,MCCB, Fixed, 55kA",MCCB,151.84,EUR,0,1,SIEMENS,320A,3P,55kA,,
3VJ1340-7DA32-0AA0,"400A,TP,MCCB, Fixed, 55kA",MCCB,151.84,EUR,0,1,SIEMENS,400A,3P,55kA,,
3VJ1332-7EA42-0AA0,"320A,TP,MCCB, Fixed, 55kA",MCCB,195.2,EUR,0,1,SIEMENS,320A,3P,55kA,,
3VJ1340-7EA42-0AA0,"400A,4P,MCCB, Fixed, 55kA",MCCB,195.2,EUR,0,1,SIEMENS,400A,4P,55kA,,
3VJ1332-7DB32-0AA0,"320A,TP,MCCB, Adjustable, 55kA",MCCB,155.2,EUR,0,1,SIEMENS,320A,3P,55kA,,
3VJ1340-7DB32-0AA0,"400A,TP,MCCB,Adjustable 55kA",MCCB,155.2,EUR,0,1,SIEMENS,400A,3P,55kA,,
3VJ1332-7EB42-0AA0,"320A,TP,MCCB, Adjustable, 55kA",MCCB,201.6,EUR,0,1,SIEMENS,320A,3P,55kA,,
3VJ1340-7EB42-0AA0,"400A,4P,MCCB, Adjustable, 55kA",MCCB,201.6,EUR,0,1,SIEMENS,400A,4P,55kA,,
3VJ1450-5DA32-0AA0,"500A,TP,MCCB, Fixed, 36kA",MCCB,184,EUR,0,1,SIEMENS,500A,3P,36kA,,
3VJ1463-5DA32-0AA0,"630A,TP,MCCB, Fixed, 36kA",MCCB,195.2,EUR,0,1,SIEMENS,630A,3P,36kA,,
3VJ1450-5EA42-0AA0,"500A,4P,MCCB, Fixed, 36kA",MCCB,236.8,EUR,0,1,SIEMENS,500A,4P,36kA,,
3VJ1463-5EA42-0AA0,"630A,4P,MCCB, Fixed, 36kA",MCCB,256,EUR,0,1,SIEMENS,630A,4P,36kA,,
3VJ1450-5DB32-0AA0,"500A,TP,MCCB, Adjustable, 36kA",MCCB,187.2,EUR,0,1,SIEMENS,500A,3P,36kA,,
3VJ1463-5DB32-0AA0,"630A,TP,MCCB, Adjustable, 36kA",MCCB,198.4,EUR,0,1,SIEMENS,630A,3P,36kA,,
3VJ1450-5EB42-0AA0,"500A,4P,MCCB, Adjustable, 36kA",MCCB,244.8,EUR,0,1,SIEMENS,500A,4P,36kA,,
3VJ1463-5EB42-0AA0,"630A,4P,MCCB, Adjustable, 36kA",MCCB,259.2,EUR,0,1,SIEMENS,630A,4P,36kA,,
3VJ1450-7DA32-0AA0,"500A,TP,MCCB, Fixed, 55kA",MCCB,198.4,EUR,0,1,SIEMENS,500A,3P,55kA,,
3VJ1463-7DA32-0AA0,"630A,TP,MCCB, Fixed, 55kA",MCCB,214.4,EUR,0,1,SIEMENS,630A,3P,55kA,,
3VJ1450-7EA42-0AA0,"500A,4P,MCCB, Fixed, 55kA",MCCB,259.2,EUR,0,1,SIEMENS,500A,4P,55kA,,
3VJ1463-7EA42-0AA0,"630A,4P,MCCB, Fixed, 55kA",MCCB,281.6,EUR,0,1,SIEMENS,630A,4P,55kA,,
3VJ1450-7DB32-0AA0,"500A,TP,MCCB, Adjustable, 55kA",MCCB,201.6,EUR,0,1,SIEMENS,500A,3P,55kA,,
3VJ1463-7DB32-0AA0,"630A,TP,MCCB, Adjustable, 55kA",MCCB,220.8,EUR,0,1,SIEMENS,630A,3P,55kA,,
3VJ1450-7EB42-0AA0,"500A,4P,MCCB, Adjustable, 55kA",MCCB,264,EUR,0,1,SIEMENS,500A,4P,55kA,,
3VJ1463-7EB42-0AA0,"630A,4P,MCCB, Adjustable, 55kA",MCCB,288,EUR,0,1,SIEMENS,630A,4P,55kA,,
3VJ9018-0AN11,Left Aux Switch (3VJ10),SINOVA MCCB ACCESSORIES,6.2,EUR,0,1,SIEMENS,,,,,
3VJ9218-0AN11,Left Aux Switch (3VJ11 & 12),SINOVA MCCB ACCESSORIES,6.56,EUR,0,1,SIEMENS,,,,,
3VJ9417-0AN11,Left Aux Switch (3VJ13 & 14),SINOVA MCCB ACCESSORIES,7.33,EUR,0,1,SIEMENS,,,,,
3VJ9218-0AN21,Right Aux Switch (3VJ11 & 12),SINOVA MCCB ACCESSORIES,6.56,EUR,0,1,SIEMENS,,,,,
3VJ9417-0AN21,Right Aux Switch (3VJ13 & 14),SINOVA MCCB ACCESSORIES,7.33,EUR,0,1,SIEMENS,,,,,
3VJ9018-0AA11,Left Alarm Switch (3VJ10),SINOVA MCCB ACCESSORIES,6.2,EUR,0,1,SIEMENS,,,,,
3VJ9118-0AA11,Left Alarm Switch (3VJ11),SINOVA MCCB ACCESSORIES,6.56,EUR,0,1,SIEMENS,,,,,
3VJ9218-0AA11,Left Alarm Switch (3VJ12),SINOVA MCCB ACCESSORIES,6.56,EUR,0,1,SIEMENS,,,,,
3VJ9417-0AA21,Left Alarm Switch (3VJ13 & 14),SINOVA MCCB ACCESSORIES,7.33,EUR,0,1,SIEMENS,,,,,
3VJ9118-0AA21,Right Alarm Switch (3VJ11),SINOVA MCCB ACCESSORIES,6.56,EUR,0,1,SIEMENS,,,,,
3VJ9218-0AA21,Right Alarm Switch (3VJ12),SINOVA MCCB ACCESSORIES,6.56,EUR,0,1,SIEMENS,,,,,
3VJ9018-0AD11,Left Aux + Alarm Switch (3VJ10),SINOVA MCCB ACCESSORIES,12.39,EUR,0,1,SIEMENS,,,,,
3VJ9118-0AD11,Left Aux + Alarm Switch (3VJ11),SINOVA MCCB ACCESSORIES,13.16,EUR,0,1,SIEMENS,,,,,
3VJ9218-0AD11,Left Aux + Alarm Switch (3VJ12),SINOVA MCCB ACCESSORIES,13.16,EUR,0,1,SIEMENS,,,,,
3VJ9417-0AD11,Left Aux + Alarm Switch (3VJ12 & 13),SINOVA MCCB ACCESSORIES,14.56,EUR,0,1,SIEMENS,,,,,
3VJ9118-0AD21,Right Aux + Alarm Switch (3VJ11),SINOVA MCCB ACCESSORIES,13.16,EUR,0,1,SIEMENS,,,,,
3VJ9218-0AD21,Right Aux + Alarm Switch (3VJ12),SINOVA MCCB ACCESSORIES,13.16,EUR,0,1,SIEMENS,,,,,
3VJ9417-0AD21,Right Aux + Alarm Switch (3VJ12 & 13),SINOVA MCCB ACCESSORIES,14.56,EUR,0,1,SIEMENS,,,,,
3VJ9218-0ST11,Right Shunt Trip 24V DC (3VJ11 & 12),SINOVA MCCB ACCESSORIES,22.22,EUR,0,1,SIEMENS,,,,,
3VJ9417-0ST21,Right Shunt Trip 24V AC/DC (3VJ13 & 14),SINOVA MCCB ACCESSORIES,24.86,EUR,0,1,SIEMENS,,,,,
3VJ9218-0ST12,Right Shunt Trip 48V DC (3VJ11 & 12),SINOVA MCCB ACCESSORIES,22.22,EUR,0,1,SIEMENS,,,,,
3VJ9417-0ST22,Right Shunt Trip 48V AC/DC (3VJ13 & 14),SINOVA MCCB ACCESSORIES,24.86,EUR,0,1,SIEMENS,,,,,
3VJ9018-0ST15,Right Shunt Trip 110V DC (3VJ10),SINOVA MCCB ACCESSORIES,15.92,EUR,0,1,SIEMENS,,,,,
3VJ9218-0ST15,Right Shunt Trip 110V DC (3VJ11 & 12),SINOVA MCCB ACCESSORIES,22.22,EUR,0,1,SIEMENS,,,,,
3VJ9417-0ST25,Right Shunt Trip 110V AC/DC (3VJ13 & 14),SINOVA MCCB ACCESSORIES,24.86,EUR,0,1,SIEMENS,,,,,
3VJ9018-0ST35,Right Shunt Trip 110V AC (3VJ10),SINOVA MCCB ACCESSORIES,15.92,EUR,0,1,SIEMENS,,,,,"DUPLICATE in source: also listed as ""Right Alarm Switch (3VJ13 & 14)"" @ 7.33 - confirm"
3VJ9218-0ST35,Right Shunt Trip 110V AC (3VJ11 & 12),SINOVA MCCB ACCESSORIES,22.22,EUR,0,1,SIEMENS,,,,,
3VJ9018-0ST36,Right Shunt Trip 220V AC (3VJ10),SINOVA MCCB ACCESSORIES,15.92,EUR,0,1,SIEMENS,,,,,
3VJ9218-0ST36,Right Shunt Trip 220V AC (3VJ11 & 12),SINOVA MCCB ACCESSORIES,22.22,EUR,0,1,SIEMENS,,,,,
3VJ9417-0ST36,Right Shunt Trip 220V AC (3VJ13 & 14),SINOVA MCCB ACCESSORIES,24.86,EUR,0,1,SIEMENS,,,,,
3VJ9018-0ST37,Right Shunt Trip 415V AC (3VJ10),SINOVA MCCB ACCESSORIES,15.92,EUR,0,1,SIEMENS,,,,,
3VJ9218-0ST37,Right Shunt Trip 415V AC (3VJ11 & 12),SINOVA MCCB ACCESSORIES,22.22,EUR,0,1,SIEMENS,,,,,
3VJ9417-0ST37,Right Shunt Trip 415V AC (3VJ12 & 13),SINOVA MCCB ACCESSORIES,24.86,EUR,0,1,SIEMENS,,,,,
3VJ9218-0UV11,Left U/V Release 24V DC (3VJ11 & 12),SINOVA MCCB ACCESSORIES,29.04,EUR,0,1,SIEMENS,,,,,
3VJ9218-0UV12,Left U/V Release 48V DC (3VJ11 & 12),SINOVA MCCB ACCESSORIES,29.04,EUR,0,1,SIEMENS,,,,,
3VJ9218-0UV36,Left U/V Release 220V AC (3VJ11 & 12),SINOVA MCCB ACCESSORIES,29.04,EUR,0,1,SIEMENS,,,,,
3VJ9417-0UV36,Left U/V Release 220V AC (3VJ13 & 14),SINOVA MCCB ACCESSORIES,32.12,EUR,0,1,SIEMENS,,,,,
3VJ9218-0UV37,Left U/V Release 415V AC (3VJ11 & 12),SINOVA MCCB ACCESSORIES,29.04,EUR,0,1,SIEMENS,,,,,
3VJ9417-0UV37,Left U/V Release 415V AC (3VJ13 & 14),SINOVA MCCB ACCESSORIES,32.12,EUR,0,1,SIEMENS,,,,,
3VJ9018-0HD11,Door Mounted Rotary Operator (3VJ10),SINOVA MCCB ACCESSORIES,24.42,EUR,0,1,SIEMENS,,,,,
3VJ9118-0HD11,Door Mounted Rotary Operator (3VJ11),SINOVA MCCB ACCESSORIES,24.42,EUR,0,1,SIEMENS,,,,,
3VJ9218-0HD11,Door Mounted Rotary Operator (3VJ12),SINOVA MCCB ACCESSORIES,27.5,EUR,0,1,SIEMENS,,,,,
3VJ9417-0HD11,Door Mounted Rotary Operator (3VJ13 & 14),SINOVA MCCB ACCESSORIES,39.6,EUR,0,1,SIEMENS,,,,,
3VJ9417-0DH10,Toogle Handle Extension(3VJ14),SINOVA MCCB ACCESSORIES,7.41,EUR,0,1,SIEMENS,,,,,
5TJ6106-7,6A SP-6kA,MCB,1.23,EUR,0,1,SIEMENS,6A,1P,6kA,,
5TJ6110-7,10A SP-6kA,MCB,1.23,EUR,0,1,SIEMENS,10A,1P,6kA,,
5TJ6116-7,16A SP-6kA,MCB,1.23,EUR,0,1,SIEMENS,16A,1P,6kA,,
5TJ6120-7,20A SP-6kA,MCB,1.23,EUR,0,1,SIEMENS,20A,1P,6kA,,
5TJ6125-7,25A SP-6kA,MCB,1.23,EUR,0,1,SIEMENS,25A,1P,6kA,,
5TJ6132-7,32A SP-6kA,MCB,1.23,EUR,0,1,SIEMENS,32A,1P,6kA,,
5TJ6140-7,40A SP-6kA,MCB,1.86,EUR,0,1,SIEMENS,40A,1P,6kA,,
5TJ6150-7,50A SP-6kA,MCB,2.62,EUR,0,1,SIEMENS,50A,1P,6kA,,
5TJ6163-7,63A SP-6kA,MCB,2.62,EUR,0,1,SIEMENS,63A,1P,6kA,,
5TJ6206-7,6A DP-6kA,MCB,3.49,EUR,0,1,SIEMENS,6A,2P,6kA,,
5TJ6210-7,10A DP-6kA,MCB,3.49,EUR,0,1,SIEMENS,10A,2P,6kA,,
5TJ6216-7,16A DP-6kA,MCB,3.49,EUR,0,1,SIEMENS,16A,2P,6kA,,
5TJ6220-7,20A DP-6kA,MCB,3.49,EUR,0,1,SIEMENS,20A,2P,6kA,,
5TJ6225-7,25A DP-6kA,MCB,3.49,EUR,0,1,SIEMENS,25A,2P,6kA,,
5TJ6232-7,32A DP-6kA,MCB,3.49,EUR,0,1,SIEMENS,32A,2P,6kA,,
5TJ6240-7,40A DP-6kA,MCB,5.25,EUR,0,1,SIEMENS,40A,2P,6kA,,
5TJ6250-7,50A DP-6kA,MCB,7.3,EUR,0,1,SIEMENS,50A,2P,6kA,,
5TJ6263-7,63A DP-6kA,MCB,7.3,EUR,0,1,SIEMENS,63A,2P,6kA,,
5TJ6306-7,6A 3P-6kA,MCB,4.98,EUR,0,1,SIEMENS,6A,3P,6kA,,
5TJ6310-7,10A 3P-6kA,MCB,4.98,EUR,0,1,SIEMENS,10A,3P,6kA,,
5TJ6316-7,16A 3P-6kA,MCB,4.98,EUR,0,1,SIEMENS,16A,3P,6kA,,
5TJ6320-7,20A 3P-6kA,MCB,4.98,EUR,0,1,SIEMENS,20A,3P,6kA,,
5TJ6325-7,25A 3P-6kA,MCB,4.98,EUR,0,1,SIEMENS,25A,3P,6kA,,
5TJ6332-7,32A 3P-6kA,MCB,4.98,EUR,0,1,SIEMENS,32A,3P,6kA,,
5TJ6340-7,40A 3P-6kA,MCB,7.5,EUR,0,1,SIEMENS,40A,3P,6kA,,
5TJ6350-7,50A 3P-6kA,MCB,10.45,EUR,0,1,SIEMENS,50A,3P,6kA,,
5TJ6363-7,63A 3P-6kA,MCB,10.45,EUR,0,1,SIEMENS,63A,3P,6kA,,
5TJ6406-7,6A 4P-6kA,MCB,6.95,EUR,0,1,SIEMENS,6A,4P,6kA,,
5TJ6410-7,10A 4P-6kA,MCB,6.95,EUR,0,1,SIEMENS,10A,4P,6kA,,
5TJ6416-7,16A 4P-6kA,MCB,6.95,EUR,0,1,SIEMENS,16A,4P,6kA,,
5TJ6420-7,20A 4P-6kA,MCB,6.95,EUR,0,1,SIEMENS,20A,4P,6kA,,
5TJ6425-7,25A 4P-6kA,MCB,6.95,EUR,0,1,SIEMENS,25A,4P,6kA,,
5TJ6432-7,32A 4P-6kA,MCB,6.95,EUR,0,1,SIEMENS,32A,4P,6kA,,
5TJ6440-7,40A 4P-6kA,MCB,10.45,EUR,0,1,SIEMENS,40A,4P,6kA,,
5TJ6450-7,50A 4P-6kA,MCB,14.65,EUR,0,1,SIEMENS,50A,4P,6kA,,
5TJ6463-7,63A 4P-6kA,MCB,14.65,EUR,0,1,SIEMENS,63A,4P,6kA,,
5TJ4106-7,6A SP-10kA,MCB,1.54,EUR,0,1,SIEMENS,6A,1P,10kA,,
5TJ4110-7,10A SP-10kA,MCB,1.54,EUR,0,1,SIEMENS,10A,1P,10kA,,
5TJ4116-7,16A SP-10kA,MCB,1.54,EUR,0,1,SIEMENS,16A,1P,10kA,,
5TJ4120-7,20A SP-10kA,MCB,1.54,EUR,0,1,SIEMENS,20A,1P,10kA,,
5TJ4125-7,25A SP-10kA,MCB,1.54,EUR,0,1,SIEMENS,25A,1P,10kA,,
5TJ4132-7,32A SP-10kA,MCB,1.54,EUR,0,1,SIEMENS,32A,1P,10kA,,
5TJ4140-7,40A SP-10kA,MCB,2.33,EUR,0,1,SIEMENS,40A,1P,10kA,,
5TJ4150-7,50A SP-10kA,MCB,3.28,EUR,0,1,SIEMENS,50A,1P,10kA,,
5TJ4163-7,63A SP-10kA,MCB,3.28,EUR,0,1,SIEMENS,63A,1P,10kA,,
5TJ4206-7,6A DP-10kA,MCB,4.36,EUR,0,1,SIEMENS,6A,2P,10kA,,
5TJ4210-7,10A DP-10kA,MCB,4.36,EUR,0,1,SIEMENS,10A,2P,10kA,,
5TJ4216-7,16A DP-10kA,MCB,4.36,EUR,0,1,SIEMENS,16A,2P,10kA,,
5TJ4220-7,20A DP-10kA,MCB,4.36,EUR,0,1,SIEMENS,20A,2P,10kA,,
5TJ4225-7,25A DP-10kA,MCB,4.36,EUR,0,1,SIEMENS,25A,2P,10kA,,
5TJ4232-7,32A DP-10kA,MCB,4.36,EUR,0,1,SIEMENS,32A,2P,10kA,,
5TJ4240-7,40A DP-10kA,MCB,6.55,EUR,0,1,SIEMENS,40A,2P,10kA,,
5TJ4250-7,50A DP-10kA,MCB,9.1,EUR,0,1,SIEMENS,50A,2P,10kA,,
5TJ4263-7,63A DP-10kA,MCB,9.1,EUR,0,1,SIEMENS,63A,2P,10kA,,
5TJ4306-7,6A 3P-10kA,MCB,6.2,EUR,0,1,SIEMENS,6A,3P,10kA,,
5TJ4310-7,10A 3P-10kA,MCB,6.2,EUR,0,1,SIEMENS,10A,3P,10kA,,
5TJ4316-7,16A 3P-10kA,MCB,6.2,EUR,0,1,SIEMENS,16A,3P,10kA,,
5TJ4320-7,20A 3P-10kA,MCB,6.2,EUR,0,1,SIEMENS,20A,3P,10kA,,
5TJ4325-7,25A 3P-10kA,MCB,6.2,EUR,0,1,SIEMENS,25A,3P,10kA,,
5TJ4332-7,32A 3P-10kA,MCB,6.2,EUR,0,1,SIEMENS,32A,3P,10kA,,
5TJ4340-7,40A 3P-10kA,MCB,9.3,EUR,0,1,SIEMENS,40A,3P,10kA,,
5TJ4350-7,50A 3P-10kA,MCB,13,EUR,0,1,SIEMENS,50A,3P,10kA,,
5TJ4363-7,63A 3P-10kA,MCB,13,EUR,0,1,SIEMENS,63A,3P,10kA,,
5TJ4406-7,6A 4P-10kA,MCB,8.75,EUR,0,1,SIEMENS,6A,4P,10kA,,
5TJ4410-7,10A 4P-10kA,MCB,8.75,EUR,0,1,SIEMENS,10A,4P,10kA,,
5TJ4416-7,16A 4P-10kA,MCB,8.75,EUR,0,1,SIEMENS,16A,4P,10kA,,
5TJ4420-7,20A 4P-10kA,MCB,8.75,EUR,0,1,SIEMENS,20A,4P,10kA,,
5TJ4425-7,25A 4P-10kA,MCB,8.75,EUR,0,1,SIEMENS,25A,4P,10kA,,
5TJ4432-7,32A 4P-10kA,MCB,8.75,EUR,0,1,SIEMENS,32A,4P,10kA,,
5TJ4440-7,40A 4P-10kA,MCB,13,EUR,0,1,SIEMENS,40A,4P,10kA,,
5TJ4450-7,50A 4P-10kA,MCB,18.35,EUR,0,1,SIEMENS,50A,4P,10kA,,
5TJ4463-7,63A 4P-10kA,MCB,18.35,EUR,0,1,SIEMENS,63A,4P,10kA,,
3SB5285-6HC03,INDICATION LAMP-red,LED,1.44,EUR,0,1,,,,,,
3SB5285-6HD03,INDICATION LAMP-yellow,LED,1.44,EUR,0,1,,,,,,
3SB5285-6HF03,INDICATION LAMP-blue,LED,1.44,EUR,0,1,,,,,,
LM1340,MULTIFUNCTIONAL METER,METERING,57.5,EUR,0,1,RISHABH,,,,,
LM1360,MULTIFUNCTIONAL METER,METERING,95,EUR,0,1,RISHABH,,,,,
LM1380,MULTIFUNCTIONAL METER,METERING,250,EUR,0,1,RISHABH,,,,,
PAC4200,MULTIFUNCTIONAL METER,METERING,200,EUR,0,1,SIEMENS,,,,,
D-30,MULTIFUNCTIONAL METER,METERING,22.5,EUR,0,1,RISHABH,,,,,
ED43-M00102A0B0000 (ED 4301 4TS),THREE PHASE DIRECT CHECKMETER,METERING,36.25,EUR,0,1,RISHABH,,,,,
ED21-M00102A0B0000 (ED 2101 2TS),SINGLE PHASE DIRECT CHECKMETER,METERING,17.5,EUR,0,1,RISHABH,,,,,
MD 1340 (with RS485),THREE PHASE CT-TYPE CHECKMETER,METERING,47.5,EUR,0,1,RISHABH,,,,,
VAF3312UL,VAF METER,METERING,22.5,EUR,0,1,RISHABH,,,,,
400A/5 AND BELOW,CURRENT TRANSFORMERS,CT,6.8,EUR,0,1,RISHABH,400A/5 AND BELOW,,,,
630A/5,CURRENT TRANSFORMERS,CT,9,EUR,0,1,RISHABH,630A/5,,,,
800A/5,CURRENT TRANSFORMERS,CT,11,EUR,0,1,RISHABH,800A/5,,,,
1000A/5,CURRENT TRANSFORMERS,CT,16,EUR,0,1,RISHABH,1000A/5,,,,
1250A/5,CURRENT TRANSFORMERS,CT,20,EUR,0,1,RISHABH,1250A/5,,,,
1600A/5,CURRENT TRANSFORMERS,CT,24,EUR,0,1,RISHABH,1600A/5,,,,
2000A/5,CURRENT TRANSFORMERS,CT,27,EUR,0,1,RISHABH,2000A/5,,,,
2500A/5,CURRENT TRANSFORMERS,CT,28,EUR,0,1,RISHABH,2500A/5,,,,
3200A/5,CURRENT TRANSFORMERS,CT,34,EUR,0,1,RISHABH,3200A/5,,,,
4000A/5,CURRENT TRANSFORMERS,CT,36,EUR,0,1,RISHABH,4000A/5,,,,
EBS2U,3P+NPE T1+T2 Uc:385V In:25KA Limp:25KA/100KA with remote signalling,SPD,71.4,EUR,0,1,EBASEE,,3P+NPE,,,
RT18-125/RO17,4P 125A BASE+4NO(1P 125A 22*58),SPD,14.4,EUR,0,1,EBASEE,125A,4P,,,
EBS2U385V/20/65KA,SPD- 3P+NPE T2 Uc:385V In:20KA Imax:65KA(EBS),SPD,20.75,EUR,0,1,EBASEE,,3P+NPE,,,
RT18-63/RO16,4P 63A BASE+4NO(1P 63A 14*51),SPD,9,EUR,0,1,EBASEE,63A,4P,,,
DSE7320,DSE7320 MKII ATS CONTROLLER,CONTROLLER,400,EUR,0,1,DEEPSEA,,,,,
DSE335,DSE335 MKII ATS CONTROLLER,CONTROLLER,250,EUR,0,1,DEEPSEA,,,,,
LOGO,LOGO CONTROLLER,CONTROLLER,154,EUR,0,1,SIEMENS,,,,,
DSE8610 MKII,DSE8610 MKII SYNC CONTROLLER,CONTROLLER,900,EUR,0,1,DEEPSEA,,,,,
RPCF-16,16 STEP,APFC,60,EUR,0,1,N-POWER,,,,,
ZJE500TP480V,50KVAr CAPACITOR,APFC,60,EUR,0,1,N-POWER,50kVAr,,,,
ZJE250TP480V,25KVAr CAPACITOR,APFC,30,EUR,0,1,N-POWER,25kVAr,,,,
ZJE125TP480V,12.5KVAr CAPACITOR,APFC,18,EUR,0,1,N-POWER,12.5kVAr,,,,
ZJE005TP480V,5KVAr CAPACITOR,APFC,13,EUR,0,1,N-POWER,5kVAr,,,,
ZJE025TP480V,2.5KVAR CAPACITOR,APFC,11,EUR,0,1,N-POWER,2.5kVAr,,,,
CSTC1D50K12U5,50KVAR Cap. Duty Cont. 1NO+1N 240V AC,APFC,44,EUR,0,1,C&S,50kVAr,,,,
TC1D25K11U5,25KVAR Cap. Duty Cont. 1NO+1N 240V AC,APFC,26,EUR,0,1,C&S,25kVAr,,,,
CSTC1D16K11U5,15KVAR / 16.7KVAR Cap. Duty Cont. 1NO+1NC 240V AC,APFC,16,EUR,0,1,C&S,15kVAr,,,,
CSTC1D05K10U5,5KVAR Cap. Duty Cont. 1NO 240V AC,APFC,8,EUR,0,1,N-POWER,5kVAr,,,,
"50 kvar detuned reactor -7% 415V, 3P","50 kvar detuned reactor -7% 415V, 3P",APFC,70.1,EUR,0,1,N-POWER,50kVAr,3P,,,
"25 kvar detuned reactor -7% 415V, 3P","25 kvar detuned reactor -7% 415V, 3P",APFC,47.01,EUR,0,1,N-POWER,25kVAr,3P,,,
"12.5 kvar detuned reactor -7% 415V, 3P","12.5 kvar detuned reactor -7% 415V, 3P",APFC,31.3,EUR,0,1,N-POWER,12.5kVAr,3P,,,
"5 kvar detuned reactor -7% 415V, 3P","5 kvar detuned reactor -7% 415V, 3P",APFC,31.3,EUR,0,1,N-POWER,5kVAr,3P,,,
CSCDFL00125,125A DIN TYPE HRC FUSE LINK,APFC,2.5,EUR,0,1,C&S,125A,,,,BOM category: accessories & hardware (not switchgear)
NH00-50A,FUSE LINK-50A,APFC,0.97,EUR,0,1,C&S,50A,,,,BOM category: accessories & hardware (not switchgear)
NH00-32A,32A FUSE LINK,APFC,0.6305,EUR,0,1,C&S,32A,,,,BOM category: accessories & hardware (not switchgear)
NH00-16A,16A FUSE LINK,APFC,0.6305,EUR,0,1,C&S,16A,,,,BOM category: accessories & hardware (not switchgear)
DNTRS-160/3,FUSE BASE,APFC,8.5475,EUR,0,1,C&S,,,,,BOM category: accessories & hardware (not switchgear)
DN01479,100MM BUSBAR SUPPORT,APFC,4.75,EUR,0,1,C&S,,,,,BOM category: accessories & hardware (not switchgear)
100X10MM,100X10MM,BUSBAR,135,EUR,0,1,,,,,,
80X10MM,80X10MM,BUSBAR,108,EUR,0,1,,,,,,
60X10MM,60X10MM,BUSBAR,81,EUR,0,1,,,,,,
50X10MM,50X10MM,BUSBAR,69,EUR,0,1,,,,,,
40X10MM,40X10MM,BUSBAR,54,EUR,0,1,,,,,,
30X10MM,30X10MM,BUSBAR,42,EUR,0,1,,,,,,
40X5MM,40X5MM,BUSBAR,27,EUR,0,1,,,,,,
20X10MM,20X10MM,BUSBAR,27,EUR,0,1,,,,,,"category ""CONTROLLER"" assigned during import clean-up (was blank)"
30X5MM,30X5MM,BUSBAR,21,EUR,0,1,,,,,,"category ""CONTROLLER"" assigned during import clean-up (was blank)"
20X5MM,20X5MM,BUSBAR,13.5,EUR,0,1,,,,,,"category ""CONTROLLER"" assigned during import clean-up (was blank)"
LK 34 -250A,LK 34 -250A,BUSBAR LINK,31.5,EUR,0,1,LINKWELL,,,,,"category ""CONTROLLER"" assigned during import clean-up (was blank)"
LK 34 -125A,LK 34 -125A,BUSBAR LINK,31.5,EUR,0,1,LINKWELL,,,,,
LK-160A,LK-160A,BUSBAR LINK,4.39,EUR,0,1,LINKWELL,,,,,
LK-125A,LK-125A,BUSBAR LINK,3.77,EUR,0,1,LINKWELL,,,,,
LK-80A,LK-80A,BUSBAR LINK,2.4,EUR,0,1,LINKWELL,,,,,unit defaulted to 1
95SQMM,95SQMM,CABLE,13.85,EUR,0,1,COAST CABLE,,,,,
70SQMM,70SQMM,CABLE,10.2,EUR,0,1,COAST CABLE,,,,,
50SQMM,50SQMM,CABLE,7.85,EUR,0,1,COAST CABLE,,,,,
35SQMM,35SQMM,CABLE,4.95,EUR,0,1,COAST CABLE,,,,,
25SQMM,25SQMM,CABLE,3.45,EUR,0,1,COAST CABLE,,,,,
16SQMM,16SQMM,CABLE,2.95,EUR,0,1,COAST CABLE,,,,,
10SQMM,10SQMM,CABLE,1.75,EUR,0,1,COAST CABLE,,,,,
6SQMM,6SQMM,CABLE,0.9,EUR,0,1,COAST CABLE,,,,,
4SQMM,4SQMM,CABLE,0.7,EUR,0,1,COAST CABLE,,,,,
800(W)X800(D)X2100(H)-2B,FREE STANDING,ENCLOSURE,380,EUR,0,1,LOCAL,,,,,
600(W)X800(D)X2100(H)-2B,FREE STANDING,ENCLOSURE,280,EUR,0,1,LOCAL,,,,,
400(W)X800(D)X2100(H)-2B,FREE STANDING,ENCLOSURE,200,EUR,0,1,LOCAL,,,,,
800(W)X600(D)X2100(H)-2B,FREE STANDING,ENCLOSURE,332.5,EUR,0,1,LOCAL,,,,,
600(W)X600(D)X2100(H)-2B,FREE STANDING,ENCLOSURE,245,EUR,0,1,LOCAL,,,,,
400(W)X600(D)X2100(H)-2B,FREE STANDING,ENCLOSURE,175,EUR,0,1,LOCAL,,,,,
800(W)X400(D)X2100(H)-2B,FREE STANDING,ENCLOSURE,285,EUR,0,1,LOCAL,,,,,unit defaulted to 1
600(W)X400(D)X2100(H)-2B,FREE STANDING,ENCLOSURE,210,EUR,0,1,LOCAL,,,,,
400(W)X400(D)X2100(H)-2B,FREE STANDING,ENCLOSURE,150,EUR,0,1,LOCAL,,,,,
1000(W)X1000(H)X300(D),WALL MOUNTED,ENCLOSURE,180,EUR,0,1,LOCAL,,,,,
1000(W)X800(H)X300(D),WALL MOUNTED,ENCLOSURE,135,EUR,0,1,LOCAL,,,,,
800(W)X800(H)X250(D),WALL MOUNTED,ENCLOSURE,120,EUR,0,1,LOCAL,,,,,
800(W)X600(H)X250(D),WALL MOUNTED,ENCLOSURE,90,EUR,0,1,LOCAL,,,,,
600(W)X600(H)X250(D),WALL MOUNTED,ENCLOSURE,60,EUR,0,1,LOCAL,,,,,
WX12N3PMFA (S),WM2 ACB 1250A 3P MF WITH MIRCROPRO4.1 RELAY,ACB,925,EUR,0,1,C&S,1250A,3P,,,unit defaulted to 1
WX12N4PEDOA (S),WM2 ACB 1250A 4P EDO WITH MIRCROPRO4.1 RELAY,ACB,1250,EUR,0,1,C&S,1250A,4P,,,
WX16N4PEDOA (S),WM2 ACB 1600A 4P EDO WITH MIRCROPRO4.1 RELAY,ACB,1342,EUR,0,1,C&S,1600A,4P,,,
WX20N3PEDOA (S),WM2 ACB 2000A 3P EDO WITH MIRCROPRO4.1 RELAY,ACB,1500,EUR,0,1,C&S,2000A,3P,,,
WX20N3PMFA (S),WM2 ACB 2000A 3P MF WITH MIRCROPRO4.1 RELAY,ACB,936.5,EUR,0,1,C&S,2000A,3P,,,
WX20N4PEDOA (S),WM2 ACB 2000A 4P EDO WITH MIRCROPRO4.1 RELAY,ACB,1750,EUR,0,1,C&S,2000A,4P,,,
WX332H4P2EDOB (S),3200A 4P EDO WITH MIRCROPRO4.1 RELAY WM3 ACB,ACB,3758,EUR,0,1,C&S,3200A,4P,,,
WX332H3P2MFA (S),3200A 3P MF WITH MIRCROPRO4.1 RELAY WM3 ACB,ACB,1566,EUR,0,1,C&S,3200A,3P,,,
CS800NATU800A3P,800A TP MCCB Adj Thermal Adj Mag.Trip Unit 65KA,MCCB,404.08,EUR,0,1,C&S,800A,3P,65kA,,
CSE4NN630ATM3P-630A,630A TP Adj Therm Mag MCCB 630AF 36KA,MCCB,210.25,EUR,0,1,C&S,630A,3P,36kA,630A,
CS630NATU6303,630A TP Adj Therm Mag MCCB 630AF 65KA,MCCB,275,EUR,0,1,C&S,630A,3P,65kA,630A,
CSE4NN630ATM3P-500A,500A TP Adj Therm Adj. Mag MCCB 630AF 36KA,MCCB,197.5,EUR,0,1,C&S,500A,3P,36kA,630A,
CSE3NN400ATM4P-400A,400A 4P ADJ Therm Adj Mag MCCB 36KA,MCCB,179.25,EUR,0,1,C&S,400A,4P,36kA,,
CSE3M400ATM4P-400A,400A FP Adj. Therm. Mag MCCB 25KA,MCCB,179.5,EUR,0,1,C&S,400A,4P,25kA,,
CS400NATU4004,400A FP Adj. Therm. Mag MCCB 65KA,MCCB,184,EUR,0,1,C&S,400A,4P,65kA,,
CSE3M400ATM3P-400A,400A TP Adj Therm Adj Mag MCCB 25KA,MCCB,119.25,EUR,0,1,C&S,400A,3P,25kA,,
CSE2M250ATM4P-250A,250A 4P ADJ Therm Adj Mag MCCB 25KA,MCCB,95.25,EUR,0,1,C&S,250A,4P,25kA,,
CSE2M250ATM3P-250A,250A TP Adj Therm Adj Mag MCCB 25kA,MCCB,61.25,EUR,0,1,C&S,250A,3P,25kA,,
CSE2M250ATM4P-200A,200A 4P ADJ Therm Adj Mag MCCB 25KA,MCCB,94,EUR,0,1,C&S,200A,4P,25kA,,
CSE2M250ATM3P-200A,200A TP Adj Therm Adj Mag MCCB 25KA,MCCB,58.75,EUR,0,1,C&S,200A,3P,25kA,,
CSE2M250ATM4P-160A,160A 4P ADJ Therm Adj Mag MCCB 25KA,MCCB,82.25,EUR,0,1,C&S,160A,4P,25kA,,
CSE2M250ATM3P-160A.,160A TP Adj Therm Adj Mag MCCB 25KA,MCCB,58.75,EUR,0,1,C&S,160A,3P,25kA,,
CSESL125FMU3P-125A,125A TP Adj Therm Fix Mag MCCB 125AF 18KA,MCCB,26.75,EUR,0,1,C&S,125A,3P,18kA,125A,
CSESL125FMU4P-100A,100A 4P ADJ Therm Fix. Mag 18KA,MCCB,32.75,EUR,0,1,C&S,100A,4P,18kA,,
CSESL125FMU3P-100A,100A TP Adj Therm Fix Mag MCCB 125AF 18KA,MCCB,26.75,EUR,0,1,C&S,100A,3P,18kA,125A,
CSESL125FMU3P-80A,80A TP Adj Therm Fix Mag MCCB 125AF 18KA,MCCB,32.75,EUR,0,1,C&S,80A,3P,18kA,125A,
CSESL125FMU4P-63A,63A 4P ADJ Therm Fix. Mag 18KA,MCCB,32.5,EUR,0,1,C&S,63A,4P,18kA,,
CSESL125FMU3P-63A,60A TP Adj Therm Fix Mag MCCB 125AF 18KA,MCCB,26.75,EUR,0,1,C&S,60A,3P,18kA,125A,
CSUVT0TXXXXXX,220VAC/DC UVT Coil for Winbreak 2,MCCB ACCESSORIES,28.9,EUR,0,1,C&S,,,,,
AX5-T,CS1000NNG5800A3P AUXILIARY,MCCB ACCESSORIES,6.28,EUR,0,1,C&S,,,,,
SHT5-T(*)--,CS1000NNG5800A3P SHUNT,MCCB ACCESSORIES,40,EUR,0,1,C&S,,,,,
AXW1-*,CSE2M250ATM3P-250A AUXILIARY,MCCB ACCESSORIES,2.75,EUR,0,1,C&S,,,,,
AXW1-3*,CSE3M400ATM3P-400A AUXILIARY,MCCB ACCESSORIES,3.25,EUR,0,1,C&S,,,,,
STW1-3(220VAC),CSE3M400ATM3P-400A SHUNT,MCCB ACCESSORIES,7.5,EUR,0,1,C&S,,,,,
CSMBS4C63KA10,63A FP MCB 10KA 'C' Curve,MCB,7,EUR,0,1,C&S,63A,4P,10kA,,
CSMBS3C63,63A TP MCB 10KA 'C' Curve,MCB,5.75,EUR,0,1,C&S,63A,3P,10kA,,
CSMB1D63KA10X,63A SP MCB 10KA 'D' Curve,MCB,2.25,EUR,0,1,C&S,63A,1P,10kA,,
CSMBS1C63XKA6,63A SP MCB 6KA 'C' Curve,MCB,1.38,EUR,0,1,C&S,63A,1P,6kA,,
CSMBS3ISO63X,63A TP MCB Isolator,ISOLATOR,,EUR,0,1,,63A,3P,,,
CSMBS2ISO40,40A DP ISOLATOR,ISOLATOR,2.25,EUR,0,1,C&S,40A,2P,,,
CSMBS2D40KA10,40A DP MCB 10KA 'D' Curve,MCB,3.75,EUR,0,1,C&S,40A,2P,10kA,,
CSMBS2C40XKA6,40A DP MCB 6KA 'C' Curve,MCB,3.25,EUR,0,1,C&S,40A,2P,6kA,,
CSRCB02PC40A30-10KA,40A DP RCBO 30mA,MCB,12.5,EUR,0,1,C&S,40A,2P,,,
CSMBS4C40KA10,40A FP MCB 10KA 'C' Curve,MCB,6.5,EUR,0,1,C&S,40A,4P,10kA,,
CSMBS1C40XKA6,40A SP MCB 6KA 'C' Curve,MCB,1.5,EUR,0,1,C&S,40A,1P,6kA,,
CSMBS3C40,40A TP MCB 10KA 'C' Curve,MCB,5.25,EUR,0,1,C&S,40A,3P,10kA,,
CSMBS2C32KA10,32A DP MCB 10KA 'C' Curve,MCB,2.75,EUR,0,1,C&S,32A,2P,10kA,,
CSMBS4C32KA10,32A FP MCB 10KA 'C' Curve,MCB,6,EUR,0,1,C&S,32A,4P,10kA,,
CSMBL1C32,32A SP MCB 6KA C Curve,MCB,1.25,EUR,0,1,C&S,32A,1P,6kA,,
CSMBS3C32KA10,32A TP MCB 10KA 'C' Curve,MCB,4.75,EUR,0,1,C&S,32A,3P,10kA,,
CSMB1D20KA10X,20A SP MCB 10KA 'D' CURVE,MCB,1.75,EUR,0,1,C&S,20A,1P,10kA,,"DUPLICATE in source: also listed as ""630A TP Adj Therm Mag MCCB 630AF 36KA"" @ 201 - confirm"
CSMBS1C20XKA6,20A SP MCB 6KA 'C' Curve,MCB,1.5,EUR,0,1,C&S,20A,1P,6kA,,"DUPLICATE in source: also listed as ""630A TP Adj Therm Mag MCCB 630AF 65KA"" @ 241.5 - confirm"
CSMBS3C20KA10,20A TP MCB 10KA 'C' Curve,MCB,4.5,EUR,0,1,C&S,20A,3P,10kA,,
CSMBS3D20KA10,20A TP MCB 10KA 'D' Curve,MCB,5.5,EUR,0,1,C&S,20A,3P,10kA,,
CSMBS1C16KA10,16A SP MCB 10KA 'C' Curve,MCB,1.5,EUR,0,1,C&S,16A,1P,10kA,,
CSMBS1C16XKA6,16A SP MCB 6KA 'C' Curve,MCB,1.5,EUR,0,1,C&S,16A,1P,6kA,,
CSMBS3C16KA10,16A TP MCB 10KA 'C' Curve,MCB,4.5,EUR,0,1,C&S,16A,3P,10kA,,
CSMB3D16KA10X,16A TP MCB 10KA 'D' Curve,MCB,5.5,EUR,0,1,C&S,16A,3P,10kA,,
CSMBL1C10,10A SP MCB 6KA C' Curve,MCB,1.25,EUR,0,1,C&S,10A,1P,6kA,,
CSMBS3C10KA10,10A TP MCB 10KA 'C' Curve,MCB,4.5,EUR,0,1,C&S,10A,3P,10kA,,
CSCS3150P4COX,3150A FP Onload C/O Switch W/Out Encl,ONLOAD CHANGEOVER,4013,EUR,0,1,C&S,3150A,4P,,,
CSCS2500P4COX,2500A FP Onload C/O Switch W/Out Encl,ONLOAD CHANGEOVER,2702.75,EUR,0,1,C&S,2500A,4P,,,
CSCS2000P4COX,2000A P4 FP Onload C/O Switch W/Out Encl,ONLOAD CHANGEOVER,2654.25,EUR,0,1,C&S,2000A,4P,,,
CSCS1800P4COX,1800A FP Onload C/O Switch W/Out Encl,ONLOAD CHANGEOVER,2182.5,EUR,0,1,C&S,1800A,4P,,,
CSCS1600P4COX,1600A FP Onload C/O Switch W/Out Encl,ONLOAD CHANGEOVER,1100,EUR,0,1,C&S,1600A,4P,,,
CSCS1250P4COX,1250A FP Onload C/O Switch W/Out Encl,ONLOAD CHANGEOVER,983,EUR,0,1,C&S,1250A,4P,,,
CSCS1000P4COX,1000A FP Onload C/O Switch W/Out Encl,ONLOAD CHANGEOVER,874.5,EUR,0,1,C&S,1000A,4P,,,
CSCS800K4COXX,800A FP Onload C/O Switch W/Out Encl,ONLOAD CHANGEOVER,260.25,EUR,0,1,C&S,800A,4P,,,
CSCS630K4COXX,630A FP Onload C/O Switch W/Out Encl,ONLOAD CHANGEOVER,225.5,EUR,0,1,C&S,630A,4P,,,
CSCS400K4COXX,400A FP Onload C/O Switch W/Out Encl,ONLOAD CHANGEOVER,181.25,EUR,0,1,C&S,400A,4P,,,
CSCS250NM4COX,250A FP C/O Switch W/Out Encl,ONLOAD CHANGEOVER,85.25,EUR,0,1,C&S,250A,4P,,,
CSCS160NM4COX,160A FP C/O Switch W/Out Encl,ONLOAD CHANGEOVER,71,EUR,0,1,C&S,160A,4P,,,
CSCS100NM4COX,100A FP C/O Switch W/Out Encl,ONLOAD CHANGEOVER,31,EUR,0,1,C&S,100A,4P,,,
CSSD3150P12XX,3150A TP Switch Disconnector (1+2),SWITCH DISCONNECTOR,1200,EUR,0,1,C&S,3150A,3P,,,
CSSD2500P4XXX,2500A FP Switch Disconnector,SWITCH DISCONNECTOR,1545.75,EUR,0,1,C&S,2500A,4P,,,
CSSD2000P4XXX,2000A P4 TP Switch Disconnector,SWITCH DISCONNECTOR,1342,EUR,0,1,C&S,2000A,3P,,,
CSSD1800P12XX,1800A TP Switch Disconnector (1+2),SWITCH DISCONNECTOR,464.75,EUR,0,1,C&S,1800A,3P,,,
CSSD1600P3XXX,1600A TP Switch Disconnector,SWITCH DISCONNECTOR,394,EUR,0,1,C&S,1600A,3P,,,
CSSD1250P3XXX,1250A TP Switch Disconnector,SWITCH DISCONNECTOR,332.75,EUR,0,1,C&S,1250A,3P,,,
CSSD1000P3XXX,1000A TP Switch Disconnector,SWITCH DISCONNECTOR,357,EUR,0,1,C&S,1000A,3P,,,
CSSD800K3XXXX,800A TP Switch Disconnector,SWITCH DISCONNECTOR,90,EUR,0,1,C&S,800A,3P,,,
CSSD630K3XXXX,630A TP Switch Disconnector,SWITCH DISCONNECTOR,88.5,EUR,0,1,C&S,630A,3P,,,
CSSD400DM3XXX,400A TP Switch Disconnector,SWITCH DISCONNECTOR,62,EUR,0,1,C&S,400A,3P,,,
CSSD250DM3XXX,250A TP Switch Disconnector,SWITCH DISCONNECTOR,42,EUR,0,1,C&S,250A,3P,,,
CSSD160DM3XXX,160A TP Switch Disconnector,SWITCH DISCONNECTOR,38.75,EUR,0,1,C&S,160A,3P,,,
CSSD100DM3XXX,100A TP Switch Disconnector,SWITCH DISCONNECTOR,32.75,EUR,0,1,C&S,100A,3P,,,
CSBS1800K4XXX,1800A FP Bypass Switch W/Out Encl,BYPASS SWITCH,3520,EUR,0,1,C&S,1800A,4P,,,
CSBS1250P4XXX,1250A FP Bypass Switch 'P' W/Out Encl,BYPASS SWITCH,1190.5,EUR,0,1,C&S,1250A,4P,,,
CSBS1000P4XXX,1000A FP Bypass Switch 'P' W/Out Encl,BYPASS SWITCH,1024.5,EUR,0,1,C&S,1000A,4P,,,purchaseCurrency defaulted to EUR; unit defaulted to 1; NO PRICE in source
CSBS630K4XXXX,630A FP Bypass Switch W/Out Encl,BYPASS SWITCH,359.5,EUR,0,1,C&S,630A,4P,,,
CSBS400K4XXXX,400A FP Bypass Switch W/Out Encl,BYPASS SWITCH,267.75,EUR,0,1,C&S,400A,4P,,,
CSBS250DM4XXX,250A FP Bypass Switch W/Out Encl,BYPASS SWITCH,195.6,EUR,0,1,C&S,250A,4P,,,
CSBS160DM4XXX,160A FP Bypass Switch W/Out Encl,BYPASS SWITCH,135.05,EUR,0,1,C&S,160A,4P,,,
CSBS125DM4XXX,125A FP Bypass Switch W/Out Encl,BYPASS SWITCH,128.75,EUR,0,1,C&S,125A,4P,,,"DUPLICATE in source: also listed as ""40A DP RCBO 30mA"" @ 12.5 - confirm"
CSBS100DM4XXX,100A FP BYPASS SWITCH W/OUT ENCLOSURE,BYPASS SWITCH,98.75,EUR,0,1,C&S,100A,4P,,,
CSBS63DM4XXXX,63A FP Bypass Switch W/Out Encl,BYPASS SWITCH,94.75,EUR,0,1,C&S,63A,4P,,,
CATS5F630AB-E,ATS 630A 4P Bottom Incomer & Top Outgoing,ATS SWITCH,694.25,EUR,0,1,C&S,630A,4P,,,
CATS5F400AB-E,ATS 400A 4P Bottom Incomer & Top Outgoing,ATS SWITCH,690,EUR,0,1,C&S,400A,4P,,,
CATS5F250AB-E,ATS 250A 4P Bottom Incomer & Top Outgoing,ATS SWITCH,403,EUR,0,1,C&S,250A,4P,,,
CSTC1D40008U5,40A AC3/60A AC1 FP Contactor 2NO+2NC,CONTACTOR,47.75,EUR,0,1,C&S,40A,4P,,,
CSTC1D40004U5,40A AC3/60A AC1 FP Contactor 4NO,CONTACTOR,47.75,EUR,0,1,C&S,40A,4P,,,
CSTC1D65008U5,65A AC3/80A AC1 FP Contactor 2NO+2NC,CONTACTOR,71.75,EUR,0,1,C&S,65A,4P,,,
CSTC1D65004U5,65A AC3/80A AC1 FP Contactor 4NO,CONTACTOR,71.75,EUR,0,1,C&S,65A,4P,,,
CSTC1D80008U5,80A AC3/125A AC1 FP Contactor 2NO+2NC,CONTACTOR,103.5,EUR,0,1,C&S,80A,4P,,,
TC1D80004U5,80A AC3/125A AC1 FP Contactor 4NO,CONTACTOR,103.5,EUR,0,1,C&S,80A,4P,,,
LC1FDPM5004AU7,500A AC3/700A AC1 FP Contactor 4NO + Add On Block,CONTACTOR,381,EUR,0,1,C&S,500A,4P,,,
CSLC1FDP500U7,500A TP Contactor 2NO+2NC Auxi. 240V,CONTACTOR,256.5,EUR,0,1,C&S,500A,3P,,,
LC1FDP3304AU7,330A AC3/400A AC1 FP Contactor 4NO,CONTACTOR,302.85,EUR,0,1,C&S,330A,4P,,,
LC1FDP1854AU5,185A AC3/275A AC1 FP Contactor 4NO,CONTACTOR,143.5,EUR,0,1,C&S,185A,4P,,,
CSLC1FDP185AX,185A TP Contactor 240V,CONTACTOR,103.5,EUR,0,1,C&S,185A,3P,,,
CSLC1FDP185U5,185A TP Contactor 2NO+2NC Auxi. 240V,CONTACTOR,114.5,EUR,0,1,C&S,185A,3P,,,
LC1FDP1504AU5,150A AC /250A AC1 FP Contactor 4NO,CONTACTOR,157.5,EUR,0,1,C&S,150A,4P,,,
CSLC1FDP150AU5,150A TP Contactor 2NO+2NC Auxi. 240V,CONTACTOR,77,EUR,0,1,C&S,150A,3P,,,
LC1FDP1154AU5,115A AC3/200A AC1 FP Contactor 4NO,CONTACTOR,153,EUR,0,1,C&S,115A,4P,,,
CSTA8DN11XXXX,Add-on Block Cont 1NO+1NC Side Mount,CONTACTOR ACCESSORIES,2,EUR,0,1,C&S,,,,,
CSTA1DN11XXXX,Add-on Block Cont 1NO+1NC Top Mount,CONTACTOR ACCESSORIES,1.375,EUR,0,1,C&S,,,,,
CSTA1DN13XXXX,Add-on Block Cont 1NO+3NC Front Mount,CONTACTOR ACCESSORIES,2.3,EUR,0,1,C&S,,,,,
TA1DN02,Add-on Block Cont 2NC + 2NC,CONTACTOR ACCESSORIES,1.25,EUR,0,1,C&S,,,,,
CSTA1DN20XXXX,Add-on Block Cont 2NO Front Mount,CONTACTOR ACCESSORIES,1.375,EUR,0,1,C&S,,,,,
CSLA9FF970XXX,Mech I/lock Hor. Mount 115-150A AC3,CONTACTOR ACCESSORIES,1.75,EUR,0,1,C&S,,,,,
CSLA9FG970XXX,Mech I/lock Hor. Mount 185-225A AC3,CONTACTOR ACCESSORIES,1.9,EUR,0,1,C&S,,,,,
CSLA9D09978XX,Mech I/lock Hor. Mount 9-32A AC3,CONTACTOR ACCESSORIES,1.15,EUR,0,1,C&S,,,,,
LA9FF4F,Mech I/lock Ver. Mount - LC1F-FDP115A-150A,CONTACTOR ACCESSORIES,9.5,EUR,0,1,C&S,,,,,
LA9FG4G,Mech I/lock Ver. Mount - LC1F-FDP185A-225A,CONTACTOR ACCESSORIES,9.5,EUR,0,1,C&S,,,,,
CSLA9FJ4JXXXX,Mech I/lock Ver. Mount LC1F-FDP330A-400A,CONTACTOR ACCESSORIES,15.75,EUR,0,1,C&S,,,,,
CSLA9FK4,Mech I/lock Ver. Mount - LC1F-FDP500A,CONTACTOR ACCESSORIES,17.75,EUR,0,1,C&S,,,,,
CSRBS4P25A300-10KA,25A 4P RCCB 10KA 300MA,RCCB,15.5,EUR,0,1,C&S,25A,4P,10kA,,
CSRBS4P25A30-10KA,25A 4P RCCB 10KA 30MA,RCCB,15.5,EUR,0,1,C&S,25A,4P,10kA,,
CSRBS4P40A300-10KA,40A 4P RCCB 10KA 300MA,RCCB,15.5,EUR,0,1,C&S,40A,4P,10kA,,
CSRBS4P40A30-10KA,40A 4P RCCB 10KA 30MA,RCCB,15.5,EUR,0,1,C&S,40A,4P,10kA,,
CSRBS4P63A300-10KA,63A 4P RCCB 10KA 300MA,RCCB,15.5,EUR,0,1,C&S,63A,4P,10kA,,
CSRBS4P63A30-10KA,63A 4P RCCB 10KA 30MA,RCCB,15.5,EUR,0,1,C&S,63A,4P,10kA,,
CSRCB02PC16A30-10KA,16A DP RCBO 30mA,RCBO,11.5,EUR,0,1,C&S,16A,2P,,,
CSRCB02PC25A30-10KA,25A DP RCBO 30mA,RCBO,11.5,EUR,0,1,C&S,25A,2P,,,
CSRCB02PC32A100-10KA,"32A, 100mA 1P+N RCBO 10KA 'C' Curve Type AC",RCBO,11.5,EUR,0,1,C&S,32A,1P+N,10kA,,
CSCOS2P63AXXX,63A DP 2Way Centre OFF MCB C/O Switch,MCB CHANGEOVER,5.75,EUR,0,1,C&S,63A,2P,,,
CSCOS4P63AXXX,63A FP 2Way Centre OFF MCB C/O Switch,MCB CHANGEOVER,11.75,EUR,0,1,C&S,63A,4P,,,
800(W)X800(D)X1600(H)-2B,800(W)X800(D)X1600(H)-2B,ENCLOSURE,300,EUR,0,1,LOCAL,,,,,
600(W)X800(D)X1600(H)-2B,600(W)X800(D)X1600(H)-2B,ENCLOSURE,220,EUR,0,1,LOCAL,,,,,
400(W)X800(D)X1600(H)-2B,400(W)X800(D)X1600(H)-2B,ENCLOSURE,160,EUR,0,1,LOCAL,,,,,
800(W)X600(D)X1600(H)-2B,800(W)X600(D)X1600(H)-2B,ENCLOSURE,262.5,EUR,0,1,LOCAL,,,,,
600(W)X600(D)X1600(H)-2B,600(W)X600(D)X1600(H)-2B,ENCLOSURE,192.5,EUR,0,1,LOCAL,,,,,
400(W)X600(D)X1600(H)-2B,400(W)X600(D)X1600(H)-2B,ENCLOSURE,140,EUR,0,1,LOCAL,,,,,
800(W)X400(D)X1600(H)-2B,800(W)X400(D)X1600(H)-2B,ENCLOSURE,225,EUR,0,1,LOCAL,,,,,
600(W)X400(D)X1600(H)-2B,600(W)X400(D)X1600(H)-2B,ENCLOSURE,165,EUR,0,1,LOCAL,,,,,
400(W)X400(D)X1600(H)-2B,400(W)X400(D)X1600(H)-2B,ENCLOSURE,120,EUR,0,1,LOCAL,,,,,
CONTROLS & WIRING,CONTROLS & WIRING,CONTROLS,150,EUR,0,1,,,,,,
CSESL125FMU125A3P,125A TP Adjustable MCCB,MCCB,,EUR,0,1,C&S,,,,,"PLACEHOLDER: used by kit ""50KVAR APFC-BREAKER KIT"" but not in the catalogue - price needed"
5SJ43508RC,50A TP MCB 10KA 'D' Curve,MCB,,EUR,0,1,SIEMENS,,,,,"PLACEHOLDER: used by kit ""25KVAR APFC-BREAKER KIT"" but not in the catalogue - price needed"
5SY73328CC,32A TP MCB(D),MCB,,EUR,0,1,SIEMENS,,,,,"PLACEHOLDER: used by kit ""12.5KVAR APFC-BREAKER KIT"" but not in the catalogue - price needed"
5SY7310-8CC,10A TP MCB 15KA 'D' Curve,MCB,,EUR,0,1,SIEMENS,,,,,"PLACEHOLDER: used by kit ""5KVAR APFC-BREAKER KIT"" but not in the catalogue - price needed"
5TE39137Y,63A DP ISOLATOR,ISOLATOR,,EUR,0,1,SIEMENS,,,,,"PLACEHOLDER: used by kit ""STANDARD METERBOARD-SINGLE PHASE"" but not in the catalogue - price needed"
5SL6263-7RC,"63A MCB,7.5kA, DP, C Curve",MCB,,EUR,0,1,SIEMENS,,,,,"PLACEHOLDER: used by kit ""STANDARD METERBOARD-SINGLE PHASE"" but not in the catalogue - price needed"
LA9D50978X,Elec/Mech I/lock Hor.Mount 40-65A AC3,CONTACTOR ACCESSORIES,,EUR,0,1,,,,,,"PLACEHOLDER: used by kit ""STANDARD METERBOARD-THREE PHASE-63A-ATS"" but not in the catalogue - price needed"
