kitGroup,labourGroup,kitName,mainPart,hoursPanelAssembly,hoursWiring,hoursBusbarFabrication
ACB,ACB frame 1,800A 3P FIXED MANUAL ACB-KIT,3WJ1108-2AE02-1AD0,,,
ACB,ACB frame 1,800A 4P FIXED MANUAL ACB-KIT,3WJ1108-2AE12-1AD0,,,
ACB,ACB frame 1,800A 3P WITHDRAWABLE MANUAL ACB-KIT,3WJ1108-2AE32-1AD0,,,
ACB,ACB frame 1,800A 4P WITHDRAWABLE MANUAL ACB-KIT,3WJ1108-2AE42-1AD0,,,
ACB,ACB frame 1,800A 3P FIXED MOTORIZED ACB-KIT,3WJ1108-2AE02-4AD0,,,
ACB,ACB frame 1,800A 4P FIXED MOTORIZED ACB-KIT,3WJ1108-2AE12-4AD0,,,
ACB,ACB frame 1,800A 3P WITHDRAWABLE MOTORIZED ACB-KIT,3WJ1108-2AE32-4AD0,,,
ACB,ACB frame 1,800A 4P WITHDRAWABLE MOTORIZED ACB-KIT,3WJ1108-2AE42-4AD0,,,
ACB,ACB frame 1,800A 4P WITHDRAWABLE MOTORIZED ACB-WITH ACCESSORIES-KIT,3WJ1108-2AE12-4DD0-Z F40+S55+T40,,,
ACB,ACB frame 1,1000A 3P FIXED MANUAL ACB-KIT,3WJ1110-2AE02-1AD0,,,
ACB,ACB frame 1,1000A 4P FIXED MANUAL ACB-KIT,3WJ1110-2AE12-1AD0,,,
ACB,ACB frame 1,1000A 3P WITHDRAWABLE MANUAL ACB-KIT,3WJ1110-2AE32-1AD0,,,
ACB,ACB frame 1,1000A 4P WITHDRAWABLE MANUAL ACB-KIT,3WJ1110-2AE42-1AD0,,,
ACB,ACB frame 1,1000A 3P FIXED MOTORIZED ACB-KIT,3WJ1110-2AE02-4AD0,,,
ACB,ACB frame 1,1000A 4P FIXED MOTORIZED ACB-KIT,3WJ1110-2AE12-4AD0,,,
ACB,ACB frame 1,1000A 3P WITHDRAWABLE MOTORIZED ACB-KIT,3WJ1110-2AE32-4AD0,,,
ACB,ACB frame 1,1000A 4P WITHDRAWABLE MOTORIZED ACB-KIT,3WJ1110-2AE42-4AD0,,,
ACB,ACB frame 1,1000A 4P WITHDRAWABLE MOTORIZED ACB-WITH ACCESSORIES-KIT,3WJ1110-2AE42-4DD0-Z F40+R55+T40,,,
ACB,ACB frame 1,1250A 3P FIXED MANUAL ACB-KIT,3WJ1112-2AE02-1AD0,,,
ACB,ACB frame 1,1250A 4P FIXED MANUAL ACB-KIT,3WJ1112-2AE12-1AD0,,,
ACB,ACB frame 1,1250A 3P WITHDRAWABLE MANUAL ACB-KIT,3WJ1112-2AE32-1AD0,,,
ACB,ACB frame 1,1250A 4P WITHDRAWABLE MANUAL ACB-KIT,3WJ1112-2AE42-1AD0,,,
ACB,ACB frame 1,1250A 3P FIXED MOTORIZED ACB-KIT,3WJ1112-2AE02-4AD0,,,
ACB,ACB frame 1,1250A 4P FIXED MOTORIZED ACB-KIT,3WJ1112-2AE12-4AD0,,,
ACB,ACB frame 1,1250A 3P WITHDRAWABLE MOTORIZED ACB-KIT,3WJ1112-2AE32-4AD0,,,
ACB,ACB frame 1,1250A 4P WITHDRAWABLE MOTORIZED ACB-KIT,3WJ1112-2AE42-4AD0,,,
ACB,ACB frame 1,1250A 4P WITHDRAWABLE MOTORIZED ACB with Changeover accessories-KIT,3WJ1112-2AE42-4DD0-Z F40+R55+T40,,,
ACB,ACB frame 1,1600A 3P FIXED MANUAL ACB-KIT,3WJ1116-2AE02-1AD0,,,
ACB,ACB frame 1,1600A 4P FIXED MANUAL ACB-KIT,3WJ1116-2AE12-1AD0,,,
ACB,ACB frame 1,1600A 3P WITHDRAWABLE MANUAL ACB-KIT,3WJ1116-2AE32-1AD0,,,
ACB,ACB frame 1,1600A 4P WITHDRAWABLE MANUAL ACB-KIT,3WJ1116-2AE42-1AD0,,,
ACB,ACB frame 1,1600A 3P FIXED MOTORIZED ACB-KIT,3WJ1116-2AE02-4AD0,,,
ACB,ACB frame 1,1600A 4P FIXED MOTORIZED ACB-KIT,3WJ1116-2AE12-4AD0,,,
ACB,ACB frame 1,1600A 3P WITHDRAWABLE MOTORIZED ACB-KIT,3WJ1116-2AE32-4AD0,,,
ACB,ACB frame 1,1600A 4P WITHDRAWABLE MOTORIZED ACB-KIT,3WJ1116-2AE42-4AD0,,,
ACB,ACB frame 1,1600A 4P WITHDRAWABLE MOTORIZED ACB with changeover accessories-KIT,3WJ1116-2AE42-4DD0-Z F40+R55+T40,,,
ACB,ACB frame 2,2000A 3P FIXED MANUAL ACB-KIT,3WJ1220-2AE02-1AD0,,,
ACB,ACB frame 2,2000A 4P FIXED MANUAL ACB-KIT,3WJ1220-2AE12-1AD0,,,
ACB,ACB frame 2,2000A 3P WITHDRAWABLE MANUAL ACB-KIT,3WJ1220-2AE32-1AD0,,,
ACB,ACB frame 2,2000A 4P WITHDRAWABLE MANUAL ACB-KIT,3WJ1220-2AE42-1AD0,,,
ACB,ACB frame 2,2000A 3P FIXED MOTORIZED ACB-KIT,3WJ1220-2AE02-4AD0,,,
ACB,ACB frame 2,2000A 4P FIXED MOTORIZED ACB-KIT,3WJ1220-2AE12-4AD0,,,
ACB,ACB frame 2,2000A 3P WITHDRAWABLE MOTORIZED ACB-KIT,3WJ1220-2AE32-4AD0,,,
ACB,ACB frame 2,2000A 4P WITHDRAWABLE MOTORIZED ACB-KIT,3WJ1220-2AE42-4AD0,,,
ACB,ACB frame 2,2000A 4P WITHDRAWABLE MOTORIZED ACB with changeover accessories-KIT,3WJ1220-2AE42-4DD0-Z F40+R55+T40,,,
ACB,ACB frame 2,2500A 3P FIXED MANUAL ACB-KIT,3WJ1225-2AE02-1AD0,,,
ACB,ACB frame 2,2500A 4P FIXED MANUAL ACB-KIT,3WJ1225-2AE12-1AD0,,,
ACB,ACB frame 2,2500A 3P WITHDRAWABLE MANUAL ACB-KIT,3WJ1225-2AE32-1AD0,,,
ACB,ACB frame 2,2500A 4P WITHDRAWABLE MANUAL ACB-KIT,3WJ1225-2AE42-1AD0,,,
ACB,ACB frame 2,2500A 3P FIXED MOTORIZED ACB-KIT,3WJ1225-2AE02-4AD0,,,
ACB,ACB frame 2,2500A 4P FIXED MOTORIZED ACB-KIT,3WJ1225-2AE12-4AD0,,,
ACB,ACB frame 2,2500A 3P WITHDRAWABLE MOTORIZED ACB-KIT,3WJ1225-2AE32-4AD0,,,
ACB,ACB frame 2,2500A 4P WITHDRAWABLE MOTORIZED ACB-KIT,3WJ1225-2AE42-4AD0,,,
ACB,ACB frame 2,2500A 4P WITHDRAWABLE MOTORIZED ACB with changeover accessories-KIT,3WJ1225-2AE42-4DD0-Z F40+R55+T40,,,
ACB,ACB frame 2,3200A 3P FIXED MANUAL ACB-KIT,3WJ1232-2AE02-1AD0,,,
ACB,ACB frame 2,3200A 4P FIXED MANUAL ACB-KIT,3WJ1232-2AE12-1AD0,,,
ACB,ACB frame 2,3200A 3P WITHDRAWABLE MANUAL ACB-KIT,3WJ1232-2AE32-1AD0,,,
ACB,ACB frame 2,3200A 4P WITHDRAWABLE MANUAL ACB-KIT,3WJ1232-2AE42-1AD0,,,
ACB,ACB frame 2,3200A 3P FIXED MOTORIZED ACB-KIT,3WJ1232-2AE02-4AD0,,,
ACB,ACB frame 2,3200A 4P FIXED MOTORIZED ACB-KIT,3WJ1232-2AE12-4AD0,,,
ACB,ACB frame 2,3200A 3P WITHDRAWABLE MOTORIZED ACB-KIT,3WJ1232-2AE32-4AD0,,,
ACB,ACB frame 2,3200A 4P WITHDRAWABLE MOTORIZED ACB-KIT,3WJ1232-2AE42-4AD0,,,
ACB,ACB frame 2,3200A 4P WITHDRAWABLE MOTORIZED ACB with changeover accessories-KIT,3WJ1232-2AE42-4DD0-Z F40+R55+T40,,,
ACB,ACB frame 2,4000A 3P FIXED MANUAL ACB-KIT,3WJ1240-2AE01-1AD0,,,
ACB,ACB frame 2,4000A 4P FIXED MANUAL ACB-KIT,3WJ1240-2AE11-1AD0,,,
ACB,ACB frame 2,4000A 3P WITHDRAWABLE MANUAL ACB-KIT,3WJ1240-2AE31-1AD0,,,
ACB,ACB frame 2,4000A 4P WITHDRAWABLE MANUAL ACB-KIT,3WJ1240-2AE41-1AD0,,,
ACB,ACB frame 2,4000A 3P FIXED MOTORIZED ACB-KIT,3WJ1240-2AE01-4AD0,,,
ACB,ACB frame 2,4000A 4P FIXED MOTORIZED ACB-KIT,3WJ1240-2AE11-4AD0,,,
ACB,ACB frame 2,4000A 3P WITHDRAWABLE MOTORIZED ACB-KIT,3WJ1240-2AE31-4AD0,,,
ACB,ACB frame 2,4000A 4P WITHDRAWABLE MOTORIZED ACB-KIT,3WJ1240-2AE41-4AD0,,,
ACB,ACB frame 2,4000A 4P WITHDRAWABLE MOTORIZED ACB with changeover accessories-KIT,3WJ1240-2AE41-4DD0-Z F40+R55+T40,,,
MCCB,MCCB,"20A,TP,MCCB, Adjustable, 25KA-KIT",3VJ1002-3DB32-0AA0,,,
MCCB,MCCB,"25A,TP,MCCB, Adjustable, 25KA-KIT",3VJ1092-3DB32-0AA0,,,
MCCB,MCCB,"32A,TP,MCCB, Adjustable, 25KA-KIT",3VJ1003-3DB32-0AA0,,,
MCCB,MCCB,"40A,TP,MCCB, Adjustable, 25KA-KIT",3VJ1004-3DB32-0AA0,,,
MCCB,MCCB,"50A,TP,MCCB, Adjustable, 25KA-KIT",3VJ1005-3DB32-0AA0,,,
MCCB,MCCB,"63A,TP,MCCB, Adjustable 25KA-KIT",3VJ1006-3DB32-0AA0,,,
MCCB,MCCB,"80A,TP,MCCB, Adjustable, 25KA-KIT",3VJ1008-3DB32-0AA0,,,
MCCB,MCCB,"100A,TP,MCCB, Adjustable,25KA-KIT",3VJ1010-3DB32-0AA0,,,
MCCB,MCCB,"125A,TP,MCCB, Adjustable, 25KA-KIT",3VJ1012-3DB32-0AA0,,,
MCCB,MCCB,"20A,4P,MCCB, Adjustable, 25KA-KIT",3VJ1002-3EB42-0AA0,,,
MCCB,MCCB,"25A,4P,MCCB, Adjustable, 25KA-KIT",3VJ1092-3EB42-0AA0,,,
MCCB,MCCB,"32A,4P,MCCB, Adjustable, 25KA-KIT",3VJ1003-3EB42-0AA0,,,
MCCB,MCCB,"40A,4P,MCCB, Adjustable, 25KA-KIT",3VJ1004-3EB42-0AA0,,,
MCCB,MCCB,"50A,4P,MCCB, Adjustable, 25KA-KIT",3VJ1005-3EB42-0AA0,,,
MCCB,MCCB,"63A,4P,MCCB, Adjustable 25KA-KIT",3VJ1006-3EB42-0AA0,,,
MCCB,MCCB,"80A,4P,MCCB, Adjustable, 25KA-KIT",3VJ1008-3EB42-0AA0,,,
MCCB,MCCB,"100A,4P,MCCB, Adjustable,25KA-KIT",3VJ1010-3EB42-0AA0,,,
MCCB,MCCB,"125A,4P,MCCB, Adjustable, 25KA-KIT",3VJ1012-3EB42-0AA0,,,
MCCB,MCCB,"160A,TP,MCCB, Adjustable, 25KA-KIT",3VJ1216-3DB32-0AA0,,,
MCCB,MCCB,"200A,TP,MCCB, Adjustable, 25KA-KIT",3VJ1220-3DB32-0AA0,,,
MCCB,MCCB,"250A,TP,MCCB, Adjustable, 25KA-KIT",3VJ1225-3DB32-0AA0,,,
MCCB,MCCB,"160A,4P,MCCB, Adjustable, 25KA-KIT",3VJ1216-3EB42-0AA0,,,
MCCB,MCCB,"200A,4P,MCCB, Adjustable, 25KA-KIT",3VJ1220-3EB42-0AA0,,,
MCCB,MCCB,"250A,4P,MCCB, Adjustable, 25KA-KIT",3VJ1225-3EB42-0AA0,,,
INCOMER-KIT,INCOMER-KIT,"320A,TP,MCCB, Adjustable, 25kA-INCOMER-KIT",3VJ1332-3DB32-0AA0,,,
INCOMER-KIT,INCOMER-KIT,"400A,TP,MCCB, Adjustable, 25kA-INCOMER-KIT",3VJ1340-3DB32-0AA0,,,
INCOMER-KIT,INCOMER-KIT,"320A,4P,MCCB, Adjustable, 25kA-INCOMER-KIT",3VJ1332-3EB42-0AA0,,,
INCOMER-KIT,INCOMER-KIT,"400A,4P,MCCB, Adjustable, 25kA-INCOMER-KIT",3VJ1340-3EB42-0AA0,,,
INCOMER-KIT,INCOMER-KIT,"320A,TP,MCCB, Adjustable, 36kA-INCOMER-KIT",3VJ1332-5DB32-0AA0,,,
INCOMER-KIT,INCOMER-KIT,"400A,TP,MCCB, Adjustable, 36kA-INCOMER-KIT",3VJ1340-5DB32-0AA0,,,
INCOMER-KIT,INCOMER-KIT,"320A,4P,MCCB, Adjustable, 36kA-INCOMER-KIT",3VJ1332-5EB42-0AA0,,,
INCOMER-KIT,INCOMER-KIT,"400A,4P,MCCB, Adjustable, 36kA-INCOMER-KIT",3VJ1340-5EB42-0AA0,,,
INCOMER-KIT,INCOMER-KIT,"500A,TP,MCCB, Adjustable, 36kA-INCOMER-KIT",3VJ1450-5DB32-0AA0,,,
INCOMER-KIT,INCOMER-KIT,"630A,TP,MCCB, Adjustable, 36kA-INCOMER-KIT",3VJ1463-5DB32-0AA0,,,
INCOMER-KIT,INCOMER-KIT,"500A,4P,MCCB, Adjustable, 36kA-INCOMER-KIT",3VJ1450-5EB42-0AA0,,,
INCOMER-KIT,INCOMER-KIT,"630A,4P,MCCB, Adjustable, 36kA-INCOMER-KIT",3VJ1463-5EB42-0AA0,,,
OUTGOER-KIT,OUTGOER-KIT,"320A,TP,MCCB, Adjustable, 25kA-OUTGOER-KIT",3VJ1332-3DB32-0AA0,,,
OUTGOER-KIT,OUTGOER-KIT,"400A,TP,MCCB, Adjustable, 25kA-OUTGOER-KIT",3VJ1340-3DB32-0AA0,,,
OUTGOER-KIT,OUTGOER-KIT,"320A,4P,MCCB, Adjustable, 25kA-OUTGOER-KIT",3VJ1332-3EB42-0AA0,,,
OUTGOER-KIT,OUTGOER-KIT,"400A,4P,MCCB, Adjustable, 25kA-OUTGOER-KIT",3VJ1340-3EB42-0AA0,,,
OUTGOER-KIT,OUTGOER-KIT,"320A,TP,MCCB, Adjustable, 36kA-OUTGOER-KIT",3VJ1332-5DB32-0AA0,,,
OUTGOER-KIT,OUTGOER-KIT,"400A,TP,MCCB, Adjustable, 36kA-OUTGOER-KIT",3VJ1340-5DB32-0AA0,,,
OUTGOER-KIT,OUTGOER-KIT,"320A,4P,MCCB, Adjustable, 36kA-OUTGOER-KIT",3VJ1332-5EB42-0AA0,,,
OUTGOER-KIT,OUTGOER-KIT,"400A,4P,MCCB, Adjustable, 36kA-OUTGOER-KIT",3VJ1340-5EB42-0AA0,,,
OUTGOER-KIT,OUTGOER-KIT,"500A,TP,MCCB, Adjustable, 36kA-OUTGOER-KIT",3VJ1450-5DB32-0AA0,,,
OUTGOER-KIT,OUTGOER-KIT,"630A,TP,MCCB, Adjustable, 36kA-OUTGOER-KIT",3VJ1463-5DB32-0AA0,,,
OUTGOER-KIT,OUTGOER-KIT,"500A,4P,MCCB, Adjustable, 36kA-OUTGOER-KIT",3VJ1450-5EB42-0AA0,,,
OUTGOER-KIT,OUTGOER-KIT,"630A,4P,MCCB, Adjustable, 36kA-OUTGOER-KIT",3VJ1463-5EB42-0AA0,,,
MCB,MCB,6A SP-10KA-KIT,5TJ4106-7,,,
MCB,MCB,10A SP-10KA-KIT,5TJ4110-7,,,
MCB,MCB,16A SP-10KA-KIT,5TJ4116-7,,,
MCB,MCB,20A SP-10KA-KIT,5TJ4120-7,,,
MCB,MCB,25A SP-10KA-KIT,5TJ4125-7,,,
MCB,MCB,32A SP-10KA-KIT,5TJ4132-7,,,
MCB,MCB,40A SP-10KA-KIT,5TJ4140-7,,,
MCB,MCB,50A SP-10KA-KIT,5TJ4150-7,,,
MCB,MCB,63A SP-10KA-KIT,5TJ4163-7,,,
MCB,MCB,6A DP-10KA-KIT,5TJ4206-7,,,
MCB,MCB,10A DP-10KA-KIT,5TJ4210-7,,,
MCB,MCB,16A DP-10KA-KIT,5TJ4216-7,,,
MCB,MCB,20A DP-10KA-KIT,5TJ4220-7,,,
MCB,MCB,25A DP-10KA-KIT,5TJ4225-7,,,
MCB,MCB,32A DP-10KA-KIT,5TJ4232-7,,,
MCB,MCB,40A DP-10KA-KIT,5TJ4240-7,,,
MCB,MCB,50A DP-10KA-KIT,5TJ4250-7,,,
MCB,MCB,63A DP-10KA-KIT,5TJ4263-7,,,
MCB,MCB,6A 3P-10KA-KIT,5TJ4306-7,,,
MCB,MCB,10A 3P-10KA-KIT,5TJ4310-7,,,
MCB,MCB,16A 3P-10KA-KIT,5TJ4316-7,,,
MCB,MCB,20A 3P-10KA-KIT,5TJ4320-7,,,
MCB,MCB,25A 3P-10KA-KIT,5TJ4325-7,,,
MCB,MCB,32A 3P-10KA-KIT,5TJ4332-7,,,
MCB,MCB,40A 3P-10KA-KIT,5TJ4340-7,,,
MCB,MCB,50A 3P-10KA-KIT,5TJ4350-7,,,
MCB,MCB,63A 3P-10KA-KIT,5TJ4363-7,,,
MCB,MCB,6A 4P-10KA-KIT,5TJ4406-7,,,
MCB,MCB,10A 4P-10KA-KIT,5TJ4410-7,,,
MCB,MCB,16A 4P-10KA-KIT,5TJ4416-7,,,
MCB,MCB,20A 4P-10KA-KIT,5TJ4420-7,,,
MCB,MCB,25A 4P-10KA-KIT,5TJ4425-7,,,
MCB,MCB,32A 4P-10KA-KIT,5TJ4432-7,,,
MCB,MCB,40A 4P-10KA-KIT,5TJ4440-7,,,
MCB,MCB,50A 4P-10KA-KIT,5TJ4450-7,,,
MCB,MCB,63A 4P-10KA-KIT,5TJ4463-7,,,
ATS,ATS,800A 4P WITHDRAWABLE MOTORIZED ACB-ATS KIT,3WJ1108-2AE12-4DD0-Z F40+S55+T40,,,
ATS,ATS,1000A 4P WITHDRAWABLE MOTORIZED ACB-ATS KIT,3WJ1110-2AE42-4DD0-Z F40+R55+T40,,,
ATS,ATS,1250A 4P WITHDRAWABLE MOTORIZED ACB-ATS KIT,3WJ1112-2AE42-4DD0-Z F40+R55+T40,,,
ATS,ATS,1600A 4P WITHDRAWABLE MOTORIZED ACB-ATS KIT,3WJ1116-2AE42-4DD0-Z F40+R55+T40,,,
ATS,ATS,2000A 4P WITHDRAWABLE MOTORIZED ACB-ATS KIT,3WJ1220-2AE42-4DD0-Z F40+R55+T40,,,
ATS,ATS,2500A 4P WITHDRAWABLE MOTORIZED ACB-ATS KIT,3WJ1225-2AE42-4DD0-Z F40+R55+T40,,,
ATS,ATS,3200A 4P WITHDRAWABLE MOTORIZED ACB-ATS KIT,3WJ1232-2AE42-4DD0-Z F40+R55+T40,,,
ATS,ATS,4000A 4P WITHDRAWABLE MOTORIZED ACB-ATS KIT,3WJ1240-2AE41-4DD0-Z F40+R55+T40,,,
SYNCHRONIZATION,SYNCHRONIZATION,800A 4P WITHDRAWABLE MOTORIZED ACB-SYNC KIT,3WJ1108-2AE42-4AD0,,,
SYNCHRONIZATION,SYNCHRONIZATION,1000A 4P WITHDRAWABLE MOTORIZED ACB-SYNC KIT,3WJ1110-2AE42-4AD0,,,
SYNCHRONIZATION,SYNCHRONIZATION,1250A 4P WITHDRAWABLE MOTORIZED ACB-SYNC KIT,3WJ1112-2AE42-4AD0,,,
SYNCHRONIZATION,SYNCHRONIZATION,1600A 4P WITHDRAWABLE MOTORIZED ACB-SYNC KIT,3WJ1116-2AE42-4AD0,,,
SYNCHRONIZATION,SYNCHRONIZATION,2000A 4P WITHDRAWABLE MOTORIZED ACB-SYNC KIT,3WJ1220-2AE42-4AD0,,,
SYNCHRONIZATION,SYNCHRONIZATION,2500A 4P WITHDRAWABLE MOTORIZED ACB-SYNC KIT,3WJ1225-2AE42-4AD0,,,
SYNCHRONIZATION,SYNCHRONIZATION,3200A 4P WITHDRAWABLE MOTORIZED ACB-SYNC KIT,3WJ1232-2AE42-4AD0,,,
SYNCHRONIZATION,SYNCHRONIZATION,4000A 4P WITHDRAWABLE MOTORIZED ACB-SYNC KIT,3WJ1240-2AE41-4AD0,,,
ACCESSORIES,ACCESSORIES,SPD TYPE 1+2-KIT,EBS2U,,,
ACCESSORIES,ACCESSORIES,SPD TYPE 2-KIT,EBS2U385V/20/65KA,,,
ACCESSORIES,ACCESSORIES,INDICATOR KIT,3SB5285-6HC03,,,
APFC BANK,APFC BANK,50KVAR APFC-FUSE KIT,ZJE500TP480V,,,
APFC BANK,APFC BANK,25KVAR APFC-FUSE KIT,ZJE250TP480V,,,
APFC BANK,APFC BANK,12.5KVAR APFC-FUSE KIT,ZJE125TP480V,,,
APFC BANK,APFC BANK,5KVAR APFC-FUSE KIT,ZJE005TP480V,,,
APFC BANK,APFC BANK,2.5KVAR APFC-FUSE KIT,ZJE025TP480V,,,
APFC BANK,APFC BANK,50KVAR APFC-BREAKER KIT,ZJE500TP480V,,,
APFC BANK,APFC BANK,25KVAR APFC-BREAKER KIT,ZJE250TP480V,,,
APFC BANK,APFC BANK,12.5KVAR APFC-BREAKER KIT,ZJE125TP480V,,,
APFC BANK,APFC BANK,5KVAR APFC-BREAKER KIT,ZJE005TP480V,,,
APFC BANK,APFC BANK,2.5KVAR APFC-BREAKER KIT,ZJE025TP480V,,,
METERBOARD,METERBOARD,STANDARD METERBOARD-SINGLE PHASE,5TE39137Y,,,
METERBOARD,METERBOARD,STANDARD METERBOARD-THREE PHASE-63A,3VJ1006-3DB32-0AA0,,,
METERBOARD,METERBOARD,STANDARD METERBOARD-THREE PHASE-80A,3VJ1008-3DB32-0AA0,,,
METERBOARD,METERBOARD,STANDARD METERBOARD-THREE PHASE-100A,3VJ1010-3DB32-0AA0,,,
METERBOARD,METERBOARD,STANDARD METERBOARD-THREE PHASE-125A,3VJ1012-3DB32-0AA0,,,
METERBOARD,METERBOARD,STANDARD METERBOARD-THREE PHASE-160A,3VJ1216-3DB32-0AA0,,,
METERBOARD-WITH ATS,METERBOARD-WITH ATS,STANDARD METERBOARD-SINGLE PHASE-ATS,5TE39137Y,,,
METERBOARD-WITH ATS,METERBOARD-WITH ATS,STANDARD METERBOARD-THREE PHASE-63A-ATS,3VJ1006-3DB32-0AA0,,,
METERBOARD-WITH ATS,METERBOARD-WITH ATS,STANDARD METERBOARD-THREE PHASE-80A-ATS,3VJ1008-3DB32-0AA0,,,
METERBOARD-WITH ATS,METERBOARD-WITH ATS,STANDARD METERBOARD-THREE PHASE-100A-ATS,3VJ1010-3DB32-0AA0,,,
METERBOARD-WITH ATS,METERBOARD-WITH ATS,STANDARD METERBOARD-THREE PHASE-125A-ATS,3VJ1012-3DB32-0AA0,,,
METERBOARD-WITH ATS,METERBOARD-WITH ATS,STANDARD METERBOARD-THREE PHASE-160A-ATS,3VJ1216-3DB32-0AA0,,,
ACB,ACB frame 1,1250A 3P MF WITH MIRCROPRO4.1 RELAY WM2 ACB-KIT,WX12N3PMFA (S),,,
ACB,ACB frame 1,1250A 4P EDO WITH MIRCROPRO4.1 RELAY WM2 ACB-KIT,WX12N4PEDOA (S),,,
ACB,ACB frame 1,1600A 4P EDO WITH MIRCROPRO4.1 RELAY WM2 ACB-KIT,WX16N4PEDOA (S),,,
ACB,ACB frame 1,2000A 3P EDO WITH MIRCROPRO4.1 RELAY WM2 ACB-KIT,WX20N3PEDOA (S),,,
ACB,ACB frame 1,2000A 3P MF WITH MIRCROPRO4.1 RELAY WM2 ACB-KIT,WX20N3PMFA (S),,,
ACB,ACB frame 1,2000A 4P EDO WITH MIRCROPRO4.1 RELAY WM2 ACB-KIT,WX20N4PEDOA (S),,,
ACB,ACB frame 1,3200A 4P EDO WITH MIRCROPRO4.1 RELAY WM3 ACB-KIT,WX332H4P2EDOB (S),,,
ACB,ACB frame 1,3200A 3P MF WITH MIRCROPRO4.1 RELAY WM3 ACB-KIT,WX332H3P2MFA (S),,,
MCCB,MCCB,800A TP MCCB Adj Thermal Adj Mag.Trip Unit 65KA-KIT,CS800NATU800A3P,,,
MCCB,MCCB,630A TP Adj Therm Mag MCCB 630AF 36KA-KIT,CSE4NN630ATM3P-630A,,,
MCCB,MCCB,630A TP Adj Therm Mag MCCB 630AF 65KA-KIT,CS630NATU6303,,,
MCCB,MCCB,500A TP Adj Therm Adj. Mag MCCB 630AF 36KA-KIT,CSE4NN630ATM3P-500A,,,
MCCB,MCCB,400A 4P ADJ Therm Adj Mag MCCB 36KA-KIT,CSE3NN400ATM4P-400A,,,
MCCB,MCCB,400A FP Adj. Therm. Mag MCCB 25KA-KIT,CSE3M400ATM4P-400A,,,
MCCB,MCCB,400A FP Adj. Therm. Mag MCCB 65KA-KIT,CS400NATU4004,,,
MCCB,MCCB,400A TP Adj Therm Adj Mag MCCB 25KA-KIT,CSE3M400ATM3P-400A,,,
MCCB,MCCB,250A 4P ADJ Therm Adj Mag MCCB 25KA-kit,CSE2M250ATM4P-250A,,,
MCCB,MCCB,250A TP Adj Therm Adj Mag MCCB 25kA-KIT,CSE2M250ATM3P-250A,,,
MCCB,MCCB,200A 4P ADJ Therm Adj Mag MCCB 25KA-KIT,CSE2M250ATM4P-200A,,,
MCCB,MCCB,200A TP Adj Therm Adj Mag MCCB 25KA-KIT,CSE2M250ATM3P-200A,,,
MCCB,MCCB,160A 4P ADJ Therm Adj Mag MCCB 25KA-KIT,CSE2M250ATM4P-160A,,,
MCCB,MCCB,160A TP Adj Therm Adj Mag MCCB 25KA-KIT,CSE2M250ATM3P-160A.,,,
MCCB,MCCB,125A TP Adj Therm Fix Mag MCCB 125AF 18KA-KIT,CSESL125FMU3P-125A,,,
MCCB,MCCB,100A 4P ADJ Therm Fix. Mag 18KA-KIT,CSESL125FMU4P-100A,,,
MCCB,MCCB,100A TP Adj Therm Fix Mag MCCB 125AF 18KA-KIT,CSESL125FMU3P-100A,,,
MCCB,MCCB,80A TP Adj Therm Fix Mag MCCB 125AF 18KA-KIT,CSESL125FMU3P-80A,,,
MCCB,MCCB,63A 4P ADJ Therm Fix. Mag 18KA-KIT,CSESL125FMU4P-63A,,,
MCCB,MCCB,60A TP Adj Therm Fix Mag MCCB 125AF 18KA-KIT,CSESL125FMU3P-63A,,,
MCB,MCB,63A FP MCB 10KA 'C' Curve-KIT,CSMBS4C63KA10,,,
MCB,MCB,63A TP MCB 10KA 'C' Curve-KIT,CSMBS3C63,,,
MCB,MCB,63A SP MCB 10KA 'D' Curve-KIT,CSMB1D63KA10X,,,
MCB,MCB,63A SP MCB 6KA 'C' Curve-KIT,CSMBS1C63XKA6,,,
ISOLATOR,ISOLATOR,63A TP MCB Isolator-KIT,CSMBS3ISO63X,,,
ISOLATOR,ISOLATOR,40A DP ISOLATOR-KIT,CSMBS2ISO40,,,
MCB,MCB,40A DP MCB 10KA 'D' Curve-KIT,CSMBS2D40KA10,,,
MCB,MCB,40A DP MCB 6KA 'C' Curve-KIT,CSMBS2C40XKA6,,,
MCB,MCB,40A FP MCB 10KA 'C' Curve-KIT,CSMBS4C40KA10,,,
MCB,MCB,40A SP MCB 6KA 'C' Curve-KIT,CSMBS1C40XKA6,,,
MCB,MCB,40A TP MCB 10KA 'C' Curve-KIT,CSMBS3C40,,,
MCB,MCB,32A DP MCB 10KA 'C' Curve-KIT,CSMBS2C32KA10,,,
MCB,MCB,32A FP MCB 10KA 'C' Curve-KIT,CSMBS4C32KA10,,,
MCB,MCB,32A SP MCB 6KA C Curve-KIT,CSMBL1C32,,,
MCB,MCB,32A TP MCB 10KA 'C' Curve-KIT,CSMBS3C32KA10,,,
MCB,MCB,20A SP MCB 10KA 'D' CURVE-KIT,CSMB1D20KA10X,,,
MCB,MCB,20A SP MCB 6KA 'C' Curve-KIT,CSMBS1C20XKA6,,,
MCB,MCB,20A TP MCB 10KA 'C' Curve-KIT,CSMBS3C20KA10,,,
MCB,MCB,20A TP MCB 10KA 'D' Curve-KIT,CSMBS3D20KA10,,,
MCB,MCB,16A SP MCB 10KA 'C' Curve-KIT,CSMBS1C16KA10,,,
MCB,MCB,16A SP MCB 6KA 'C' Curve-KIT,CSMBS1C16XKA6,,,
MCB,MCB,16A TP MCB 10KA 'C' Curve-KIT,CSMBS3C16KA10,,,
MCB,MCB,16A TP MCB 10KA 'D' Curve-KIT,CSMB3D16KA10X,,,
MCB,MCB,10A SP MCB 6KA C' Curve-KIT,CSMBL1C10,,,
MCB,MCB,10A TP MCB 10KA 'C' Curve-KIT,CSMBS3C10KA10,,,
ONLOAD CHANGEOVER,ONLOAD CHANGEOVER,3150A FP Onload C/O Switch W/Out Encl-KIT,CSCS3150P4COX,,,
ONLOAD CHANGEOVER,ONLOAD CHANGEOVER,2500A FP Onload C/O Switch W/Out Encl-KIT,CSCS2500P4COX,,,
ONLOAD CHANGEOVER,ONLOAD CHANGEOVER,2000A P4 FP Onload C/O Switch W/Out Encl-KIT,CSCS2000P4COX,,,
ONLOAD CHANGEOVER,ONLOAD CHANGEOVER,1800A FP Onload C/O Switch W/Out Encl-KIT,CSCS1800P4COX,,,
ONLOAD CHANGEOVER,ONLOAD CHANGEOVER,1600A FP Onload C/O Switch W/Out Encl-KIT,CSCS1600P4COX,,,
ONLOAD CHANGEOVER,ONLOAD CHANGEOVER,1250A FP Onload C/O Switch W/Out Encl-KIT,CSCS1250P4COX,,,
ONLOAD CHANGEOVER,ONLOAD CHANGEOVER,1000A FP Onload C/O Switch W/Out Encl-KIT,CSCS1000P4COX,,,
ONLOAD CHANGEOVER,ONLOAD CHANGEOVER,800A FP Onload C/O Switch W/Out Encl-KIT,CSCS800K4COXX,,,
ONLOAD CHANGEOVER,ONLOAD CHANGEOVER,630A FP Onload C/O Switch W/Out Encl-KIT,CSCS630K4COXX,,,
ONLOAD CHANGEOVER,ONLOAD CHANGEOVER,400A FP Onload C/O Switch W/Out Encl-KIT,CSCS400K4COXX,,,
ONLOAD CHANGEOVER,ONLOAD CHANGEOVER,250A FP C/O Switch W/Out Encl-KIT,CSCS250NM4COX,,,
ONLOAD CHANGEOVER,ONLOAD CHANGEOVER,160A FP C/O Switch W/Out Encl-KIT,CSCS160NM4COX,,,
ONLOAD CHANGEOVER,ONLOAD CHANGEOVER,100A FP C/O Switch W/Out Encl-KIT,CSCS100NM4COX,,,
SWITCH DISCONNECTOR,SWITCH DISCONNECTOR,3150A TP Switch Disconnector (1+2)-KIT,CSSD3150P12XX,,,
SWITCH DISCONNECTOR,SWITCH DISCONNECTOR,2500A FP Switch Disconnector-KIT,CSSD2500P4XXX,,,
SWITCH DISCONNECTOR,SWITCH DISCONNECTOR,2000A P4 TP Switch Disconnector-KIT,CSSD2000P4XXX,,,
SWITCH DISCONNECTOR,SWITCH DISCONNECTOR,1800A TP Switch Disconnector (1+2)-KIT,CSSD1800P12XX,,,
SWITCH DISCONNECTOR,SWITCH DISCONNECTOR,1600A TP Switch Disconnector-KIT,CSSD1600P3XXX,,,
SWITCH DISCONNECTOR,SWITCH DISCONNECTOR,1250A TP Switch Disconnector-KIT,CSSD1250P3XXX,,,
SWITCH DISCONNECTOR,SWITCH DISCONNECTOR,1000A TP Switch Disconnector-KIT,CSSD1000P3XXX,,,
SWITCH DISCONNECTOR,SWITCH DISCONNECTOR,800A TP Switch Disconnector-KIT,CSSD800K3XXXX,,,
SWITCH DISCONNECTOR,SWITCH DISCONNECTOR,630A TP Switch Disconnector-KIT,CSSD630K3XXXX,,,
SWITCH DISCONNECTOR,SWITCH DISCONNECTOR,400A TP Switch Disconnector-KIT,CSSD400DM3XXX,,,
SWITCH DISCONNECTOR,SWITCH DISCONNECTOR,250A TP Switch Disconnector-KIT,CSSD250DM3XXX,,,
SWITCH DISCONNECTOR,SWITCH DISCONNECTOR,160A TP Switch Disconnector-KIT,CSSD160DM3XXX,,,
SWITCH DISCONNECTOR,SWITCH DISCONNECTOR,100A TP Switch Disconnector-KIT,CSSD100DM3XXX,,,
ATS-SWITCH,ATS-SWITCH,ATS 630A 4P Bottom Incomer & Top Outgoing-KIT,CATS5F630AB-E,,,
ATS-SWITCH,ATS-SWITCH,ATS 400A 4P Bottom Incomer & Top Outgoing-KIT,CATS5F400AB-E,,,
ATS-SWITCH,ATS-SWITCH,ATS 250A 4P Bottom Incomer & Top Outgoing-KIT,CATS5F250AB-E,,,
ATS-SWITCH,ATS-SWITCH,25A 4P RCCB 10KA 300MA-KIT,CSRBS4P25A300-10KA,,,
ATS-SWITCH,ATS-SWITCH,25A 4P RCCB 10KA 30MA-KIT,CSRBS4P25A30-10KA,,,
ATS-SWITCH,ATS-SWITCH,40A 4P RCCB 10KA 300MA-KIT,CSRBS4P40A300-10KA,,,
ATS-SWITCH,ATS-SWITCH,40A 4P RCCB 10KA 30MA-KIT,CSRBS4P40A30-10KA,,,
ATS-SWITCH,ATS-SWITCH,63A 4P RCCB 10KA 300MA-KIT,CSRBS4P63A300-10KA,,,
ATS-SWITCH,ATS-SWITCH,63A 4P RCCB 10KA 30MA-KIT,CSRBS4P63A30-10KA,,,
RCBO,RCBO,16A DP RCBO 30mA-KIT,CSRCB02PC16A30-10KA,,,
RCBO,RCBO,25A DP RCBO 30mA-KIT,CSRCB02PC25A30-10KA,,,
RCBO,RCBO,"32A, 100mA 1P+N RCBO 10KA 'C' Curve Type AC-KIT",CSRCB02PC32A100-10KA,,,
ATS,ATS,3200A 4P EDO WITH MIRCROPRO4.1 RELAY WM3 ACB- C&S ATS KIT,WX332H4P2EDOB (S),,,
ATS,ATS,2000A 4P EDO WITH MIRCROPRO4.1 RELAY WM2 ACB-C&S ATS KIT,WX20N4PEDOA (S),,,
ATS,ATS,1600A 4P EDO WITH MIRCROPRO4.1 RELAY WM2-C&S ATS KIT,WX16N4PEDOA (S),,,
ATS,ATS,1250A 4P EDO WITH MIRCROPRO4.1 RELAY WM2 ACB-C&S ATS KIT,WX12N4PEDOA (S),,,
SYNCHRONIZATION,SYNCHRONIZATION,3200A 4P EDO WITH MIRCROPRO4.1 RELAY WM3 ACB-C&S SYNC KIT,WX332H4P2EDOB (S),,,
SYNCHRONIZATION,SYNCHRONIZATION,2000A 4P EDO WITH MIRCROPRO4.1 RELAY WM2 ACB-C&S SYNC KIT,WX20N4PEDOA (S),,,
SYNCHRONIZATION,SYNCHRONIZATION,1600A 4P EDO WITH MIRCROPRO4.1 RELAY WM2-C&S SYNC KIT,WX16N4PEDOA (S),,,
SYNCHRONIZATION,SYNCHRONIZATION,1250A 4P EDO WITH MIRCROPRO4.1 RELAY WM2 ACB-C&S SYNC KIT,WX12N4PEDOA (S),,,
