file,row,kit,partNumber,problem,action
kits-export-2026-08-20 (3).xlsx,152,4000A 4P WITHDRAWABLE MOTORIZED ACB with changeover accessories-KIT,100X10MM,"BUSBAR line labelled ""4000A 4P WITHDRAWABLE MOTORIZED ACB with changeover accessories-KIT"" sits under kit ""4000A 4P WITHDRAWABLE MOTORIZED ACB-KIT with changeover accessories-KIT"", which had none","moved to ""4000A 4P WITHDRAWABLE MOTORIZED ACB-KIT with changeover accessories-KIT"""
kits-export-2026-08-20 (3).xlsx,174,"20A,TP,MCCB, Adjustable, 25KA-KIT",16SQMM,"CABLE line labelled ""20A,TP,MCCB, Adjustable, 25KA-KIT"" sits under kit ""20A,4P,MCCB, Adjustable, 25KA-KIT"", which had none","moved to ""20A,4P,MCCB, Adjustable, 25KA-KIT"""
kits-export-2026-08-20 (3).xlsx,176,"25A,TP,MCCB, Adjustable, 25KA-KIT",16SQMM,"CABLE line labelled ""25A,TP,MCCB, Adjustable, 25KA-KIT"" sits under kit ""25A,4P,MCCB, Adjustable, 25KA-KIT"", which had none","moved to ""25A,4P,MCCB, Adjustable, 25KA-KIT"""
kits-export-2026-08-20 (3).xlsx,178,"32A,TP,MCCB, Adjustable, 25KA-KIT",16SQMM,"CABLE line labelled ""32A,TP,MCCB, Adjustable, 25KA-KIT"" sits under kit ""32A,4P,MCCB, Adjustable, 25KA-KIT"", which had none","moved to ""32A,4P,MCCB, Adjustable, 25KA-KIT"""
kits-export-2026-08-20 (3).xlsx,180,"40A,TP,MCCB, Adjustable, 25KA-KIT",16SQMM,"CABLE line labelled ""40A,TP,MCCB, Adjustable, 25KA-KIT"" sits under kit ""40A,4P,MCCB, Adjustable, 25KA-KIT"", which had none","moved to ""40A,4P,MCCB, Adjustable, 25KA-KIT"""
kits-export-2026-08-20 (3).xlsx,182,"50A,TP,MCCB, Adjustable, 25KA-KIT",16SQMM,"CABLE line labelled ""50A,TP,MCCB, Adjustable, 25KA-KIT"" sits under kit ""50A,4P,MCCB, Adjustable, 25KA-KIT"", which had none","moved to ""50A,4P,MCCB, Adjustable, 25KA-KIT"""
kits-export-2026-08-20 (3).xlsx,184,"63A,TP,MCCB, Adjustable, 25KA-KIT",16SQMM,"CABLE line labelled ""63A,TP,MCCB, Adjustable, 25KA-KIT"" sits under kit ""63A,4P,MCCB, Adjustable 25KA-KIT"", which had none","moved to ""63A,4P,MCCB, Adjustable 25KA-KIT"""
kits-export-2026-08-20 (3).xlsx,186,"80A,TP,MCCB, Adjustable, 25KA-KIT",25SQMM,"CABLE line labelled ""80A,TP,MCCB, Adjustable, 25KA-KIT"" sits under kit ""80A,4P,MCCB, Adjustable, 25KA-KIT"", which had none","moved to ""80A,4P,MCCB, Adjustable, 25KA-KIT"""
kits-export-2026-08-20 (3).xlsx,188,"100A,TP,MCCB, Adjustable,25KA-KIT",25SQMM,"CABLE line labelled ""100A,TP,MCCB, Adjustable,25KA-KIT"" sits under kit ""100A,4P,MCCB, Adjustable,25KA-KIT"", which had none","moved to ""100A,4P,MCCB, Adjustable,25KA-KIT"""
kits-export-2026-08-20 (3).xlsx,190,"125A,TP,MCCB, Adjustable, 25KA-KIT",35SQMM,"CABLE line labelled ""125A,TP,MCCB, Adjustable, 25KA-KIT"" sits under kit ""125A,4P,MCCB, Adjustable, 25KA-KIT"", which had none","moved to ""125A,4P,MCCB, Adjustable, 25KA-KIT"""
kits-export-C&S PORTFILIO.xlsx,11,2000A 3P EDO WITH MIRCROPRO4.1 RELAY WM2 ACB-KIT,50X10MM,"BUSBAR line labelled ""2000A 3P EDO WITH MIRCROPRO4.1 RELAY WM2 ACB-KIT"" sits under kit ""2000A 3P MF WITH MIRCROPRO4.1 RELAY WM2 ACB-KIT"", which had none","moved to ""2000A 3P MF WITH MIRCROPRO4.1 RELAY WM2 ACB-KIT"""
kits-export-C&S PORTFILIO.xlsx,13,2000A 3P EDO WITH MIRCROPRO4.1 RELAY WM2 ACB-KIT,50X10MM,"BUSBAR line labelled ""2000A 3P EDO WITH MIRCROPRO4.1 RELAY WM2 ACB-KIT"" sits under kit ""2000A 4P EDO WITH MIRCROPRO4.1 RELAY WM2 ACB-KIT"", which had none","moved to ""2000A 4P EDO WITH MIRCROPRO4.1 RELAY WM2 ACB-KIT"""
kits-export-C&S PORTFILIO.xlsx,76,63A SP MCB 6KA 'C' Curve-KIT,16SQMM,"CABLE line labelled ""63A SP MCB 6KA 'C' Curve-KIT"" sits under kit ""63A TP MCB Isolator-KIT"", which had none","moved to ""63A TP MCB Isolator-KIT"""
kits-export-2026-08-20 (3) -SAMPLE.xlsx,4,800A 4P WITHDRAWABLE MOTORIZED ACB-ATS KIT,3WJ1108-2AE12-4DD0-Z F40+S55+T40,SAMPLE file duplicates a kit in the main export with different quantities,not imported (main export wins)
kits-export-2026-08-20 (3) -SAMPLE.xlsx,5,800A 4P WITHDRAWABLE MOTORIZED ACB-ATS KIT,40X10MM,SAMPLE file duplicates a kit in the main export with different quantities,not imported (main export wins)
kits-export-2026-08-20 (3) -SAMPLE.xlsx,6,800A 4P WITHDRAWABLE MOTORIZED ACB-ATS KIT,LM1340,SAMPLE file duplicates a kit in the main export with different quantities,not imported (main export wins)
kits-export-2026-08-20 (3) -SAMPLE.xlsx,7,800A 4P WITHDRAWABLE MOTORIZED ACB-ATS KIT,800A/5,SAMPLE file duplicates a kit in the main export with different quantities,not imported (main export wins)
kits-export-2026-08-20 (3) -SAMPLE.xlsx,8,800A 4P WITHDRAWABLE MOTORIZED ACB-ATS KIT,LOGO,SAMPLE file duplicates a kit in the main export with different quantities,not imported (main export wins)
kits-export-2026-08-20 (3) -SAMPLE.xlsx,9,800A 4P WITHDRAWABLE MOTORIZED ACB-ATS KIT,CONTROLS & WIRING,SAMPLE file duplicates a kit in the main export with different quantities,not imported (main export wins)
kits-export-2026-08-20 (3) -SAMPLE.xlsx,11,1000A 4P WITHDRAWABLE MOTORIZED ACB-ATS KIT,3WJ1110-2AE42-4DD0-Z F40+R55+T40,SAMPLE file duplicates a kit in the main export with different quantities,not imported (main export wins)
kits-export-2026-08-20 (3) -SAMPLE.xlsx,12,1000A 4P WITHDRAWABLE MOTORIZED ACB-ATS KIT,60X10MM,SAMPLE file duplicates a kit in the main export with different quantities,not imported (main export wins)
kits-export-2026-08-20 (3) -SAMPLE.xlsx,13,1000A 4P WITHDRAWABLE MOTORIZED ACB-ATS KIT,LM1340,SAMPLE file duplicates a kit in the main export with different quantities,not imported (main export wins)
kits-export-2026-08-20 (3) -SAMPLE.xlsx,14,1000A 4P WITHDRAWABLE MOTORIZED ACB-ATS KIT,1000A/5,SAMPLE file duplicates a kit in the main export with different quantities,not imported (main export wins)
kits-export-2026-08-20 (3) -SAMPLE.xlsx,15,1000A 4P WITHDRAWABLE MOTORIZED ACB-ATS KIT,LOGO,SAMPLE file duplicates a kit in the main export with different quantities,not imported (main export wins)
kits-export-2026-08-20 (3) -SAMPLE.xlsx,16,1000A 4P WITHDRAWABLE MOTORIZED ACB-ATS KIT,CONTROLS & WIRING,SAMPLE file duplicates a kit in the main export with different quantities,not imported (main export wins)
kits-export-2026-08-20 (3).xlsx,151,4000A 4P WITHDRAWABLE MOTORIZED ACB-KIT with changeover accessories-KIT,,kit name typo / inconsistent with sibling kits,"renamed to ""4000A 4P WITHDRAWABLE MOTORIZED ACB with changeover accessories-KIT"""
kits-export-C&S PORTFILIO.xlsx,219,2000A 4P 2000A 4P EDO WITH MIRCROPRO4.1 RELAY WM2 ACB-C&S ATS KIT,,kit name typo / inconsistent with sibling kits,"renamed to ""2000A 4P EDO WITH MIRCROPRO4.1 RELAY WM2 ACB-C&S ATS KIT"""
kits-export-C&S PORTFILIO.xlsx,248,2000A 4P 2000A 4P EDO WITH MIRCROPRO4.1 RELAY WM2 ACB- C&S SYNC KIT,,kit name typo / inconsistent with sibling kits,"renamed to ""2000A 4P EDO WITH MIRCROPRO4.1 RELAY WM2 ACB-C&S SYNC KIT"""
kits-export-C&S PORTFILIO.xlsx,36,400A TP Adj Therm Adj Mag MCCB 25KA,,kit name typo / inconsistent with sibling kits,"renamed to ""400A TP Adj Therm Adj Mag MCCB 25KA-KIT"""
kits-export-C&S PORTFILIO.xlsx,26,630A TP Adj Therm Mag MCCB 630AF 36KA-KIT,CSE4NN630ATM3P-630A,identical line repeated,dropped
kits-export-C&S PORTFILIO.xlsx,27,630A TP Adj Therm Mag MCCB 630AF 36KA-KIT,30X10MM,identical line repeated,dropped
kits-export-C&S PORTFILIO.xlsx,234,1250A 4P EDO WITH MIRCROPRO4.1 RELAY WM2 ACB-C&S ATS KIT,3WJ1112-2AE42-4DD0-Z F40+R55+T40,C&S kit used a Siemens ACB part number,replaced with WX12N4PEDOA (S) (decision 8 Sep 2026)
kits-export-C&S PORTFILIO.xlsx,260,1250A 4P EDO WITH MIRCROPRO4.1 RELAY WM2 ACB-C&S SYNC KIT,3WJ1112-2AE42-4AD0,C&S kit used a Siemens ACB part number,replaced with WX12N4PEDOA (S) (decision 8 Sep 2026)
kits-export-C&S PORTFILIO.xlsx,36,400A TP Adj Therm Adj Mag MCCB 25KA-KIT,CSE3M400ATM3P-400A,kit has no busbar/cable line (its sibling kits do),kept - add the missing line
kits-export-2026-08-20 (3).xlsx,75,1600A 4P WITHDRAWABLE MOTORIZED ACB with changeover accessories-KIT,3WJ1116-2AE42-4DD0-Z F40+R55+T40,quantity blank,set to 1 (every sibling kit has 1)
