kitName,linkedCategory,frameSize,laborHours,laborRate,partNumber,quantity,kitGroup,sourceFile
800A 3P FIXED MANUAL ACB-KIT,ACB,1,,,3WJ1108-2AE02-1AD0,1,ACB,kits-export-2026-08-20 (3).xlsx
800A 3P FIXED MANUAL ACB-KIT,BUSBAR,,,,40X10MM,6.5,ACB,kits-export-2026-08-20 (3).xlsx
800A 4P FIXED MANUAL ACB-KIT,ACB,1,,,3WJ1108-2AE12-1AD0,1,ACB,kits-export-2026-08-20 (3).xlsx
800A 4P FIXED MANUAL ACB-KIT,BUSBAR,,,,40X10MM,6.5,ACB,kits-export-2026-08-20 (3).xlsx
800A 3P WITHDRAWABLE MANUAL ACB-KIT,ACB,1,,,3WJ1108-2AE32-1AD0,1,ACB,kits-export-2026-08-20 (3).xlsx
800A 3P WITHDRAWABLE MANUAL ACB-KIT,BUSBAR,,,,40X10MM,6.5,ACB,kits-export-2026-08-20 (3).xlsx
800A 4P WITHDRAWABLE MANUAL ACB-KIT,ACB,1,,,3WJ1108-2AE42-1AD0,1,ACB,kits-export-2026-08-20 (3).xlsx
800A 4P WITHDRAWABLE MANUAL ACB-KIT,BUSBAR,,,,40X10MM,6.5,ACB,kits-export-2026-08-20 (3).xlsx
800A 3P FIXED MOTORIZED ACB-KIT,ACB,1,,,3WJ1108-2AE02-4AD0,1,ACB,kits-export-2026-08-20 (3).xlsx
800A 3P FIXED MOTORIZED ACB-KIT,BUSBAR,,,,40X10MM,6.5,ACB,kits-export-2026-08-20 (3).xlsx
800A 4P FIXED MOTORIZED ACB-KIT,ACB,1,,,3WJ1108-2AE12-4AD0,1,ACB,kits-export-2026-08-20 (3).xlsx
800A 4P FIXED MOTORIZED ACB-KIT,BUSBAR,,,,40X10MM,6.5,ACB,kits-export-2026-08-20 (3).xlsx
800A 3P WITHDRAWABLE MOTORIZED ACB-KIT,ACB,1,,,3WJ1108-2AE32-4AD0,1,ACB,kits-export-2026-08-20 (3).xlsx
800A 3P WITHDRAWABLE MOTORIZED ACB-KIT,BUSBAR,,,,40X10MM,6.5,ACB,kits-export-2026-08-20 (3).xlsx
800A 4P WITHDRAWABLE MOTORIZED ACB-KIT,ACB,1,,,3WJ1108-2AE42-4AD0,1,ACB,kits-export-2026-08-20 (3).xlsx
800A 4P WITHDRAWABLE MOTORIZED ACB-KIT,BUSBAR,,,,40X10MM,6.5,ACB,kits-export-2026-08-20 (3).xlsx
800A 4P WITHDRAWABLE MOTORIZED ACB-WITH ACCESSORIES-KIT,ACB,1,,,3WJ1108-2AE12-4DD0-Z F40+S55+T40,1,ACB,kits-export-2026-08-20 (3).xlsx
800A 4P WITHDRAWABLE MOTORIZED ACB-WITH ACCESSORIES-KIT,BUSBAR,,,,40X10MM,6.5,ACB,kits-export-2026-08-20 (3).xlsx
1000A 3P FIXED MANUAL ACB-KIT,ACB,1,,,3WJ1110-2AE02-1AD0,1,ACB,kits-export-2026-08-20 (3).xlsx
1000A 3P FIXED MANUAL ACB-KIT,BUSBAR,,,,60X10MM,6.5,ACB,kits-export-2026-08-20 (3).xlsx
1000A 4P FIXED MANUAL ACB-KIT,ACB,1,,,3WJ1110-2AE12-1AD0,1,ACB,kits-export-2026-08-20 (3).xlsx
1000A 4P FIXED MANUAL ACB-KIT,BUSBAR,,,,60X10MM,6.5,ACB,kits-export-2026-08-20 (3).xlsx
1000A 3P WITHDRAWABLE MANUAL ACB-KIT,ACB,1,,,3WJ1110-2AE32-1AD0,1,ACB,kits-export-2026-08-20 (3).xlsx
1000A 3P WITHDRAWABLE MANUAL ACB-KIT,BUSBAR,,,,60X10MM,6.5,ACB,kits-export-2026-08-20 (3).xlsx
1000A 4P WITHDRAWABLE MANUAL ACB-KIT,ACB,1,,,3WJ1110-2AE42-1AD0,1,ACB,kits-export-2026-08-20 (3).xlsx
1000A 4P WITHDRAWABLE MANUAL ACB-KIT,BUSBAR,,,,60X10MM,6.5,ACB,kits-export-2026-08-20 (3).xlsx
1000A 3P FIXED MOTORIZED ACB-KIT,ACB,1,,,3WJ1110-2AE02-4AD0,1,ACB,kits-export-2026-08-20 (3).xlsx
1000A 3P FIXED MOTORIZED ACB-KIT,BUSBAR,,,,60X10MM,6.5,ACB,kits-export-2026-08-20 (3).xlsx
1000A 4P FIXED MOTORIZED ACB-KIT,ACB,1,,,3WJ1110-2AE12-4AD0,1,ACB,kits-export-2026-08-20 (3).xlsx
1000A 4P FIXED MOTORIZED ACB-KIT,BUSBAR,,,,60X10MM,6.5,ACB,kits-export-2026-08-20 (3).xlsx
1000A 3P WITHDRAWABLE MOTORIZED ACB-KIT,ACB,1,,,3WJ1110-2AE32-4AD0,1,ACB,kits-export-2026-08-20 (3).xlsx
1000A 3P WITHDRAWABLE MOTORIZED ACB-KIT,BUSBAR,,,,60X10MM,6.5,ACB,kits-export-2026-08-20 (3).xlsx
1000A 4P WITHDRAWABLE MOTORIZED ACB-KIT,ACB,1,,,3WJ1110-2AE42-4AD0,1,ACB,kits-export-2026-08-20 (3).xlsx
1000A 4P WITHDRAWABLE MOTORIZED ACB-KIT,BUSBAR,,,,60X10MM,6.5,ACB,kits-export-2026-08-20 (3).xlsx
1000A 4P WITHDRAWABLE MOTORIZED ACB-WITH ACCESSORIES-KIT,ACB,1,,,3WJ1110-2AE42-4DD0-Z F40+R55+T40,1,ACB,kits-export-2026-08-20 (3).xlsx
1000A 4P WITHDRAWABLE MOTORIZED ACB-WITH ACCESSORIES-KIT,BUSBAR,,,,60X10MM,6.5,ACB,kits-export-2026-08-20 (3).xlsx
1250A 3P FIXED MANUAL ACB-KIT,ACB,1,,,3WJ1112-2AE02-1AD0,1,ACB,kits-export-2026-08-20 (3).xlsx
1250A 3P FIXED MANUAL ACB-KIT,BUSBAR,,,,40X10MM,15,ACB,kits-export-2026-08-20 (3).xlsx
1250A 4P FIXED MANUAL ACB-KIT,ACB,1,,,3WJ1112-2AE12-1AD0,1,ACB,kits-export-2026-08-20 (3).xlsx
1250A 4P FIXED MANUAL ACB-KIT,BUSBAR,,,,40X10MM,15,ACB,kits-export-2026-08-20 (3).xlsx
1250A 3P WITHDRAWABLE MANUAL ACB-KIT,ACB,1,,,3WJ1112-2AE32-1AD0,1,ACB,kits-export-2026-08-20 (3).xlsx
1250A 3P WITHDRAWABLE MANUAL ACB-KIT,BUSBAR,,,,40X10MM,15,ACB,kits-export-2026-08-20 (3).xlsx
1250A 4P WITHDRAWABLE MANUAL ACB-KIT,ACB,1,,,3WJ1112-2AE42-1AD0,1,ACB,kits-export-2026-08-20 (3).xlsx
1250A 4P WITHDRAWABLE MANUAL ACB-KIT,BUSBAR,,,,40X10MM,15,ACB,kits-export-2026-08-20 (3).xlsx
1250A 3P FIXED MOTORIZED ACB-KIT,ACB,1,,,3WJ1112-2AE02-4AD0,1,ACB,kits-export-2026-08-20 (3).xlsx
1250A 3P FIXED MOTORIZED ACB-KIT,BUSBAR,,,,40X10MM,15,ACB,kits-export-2026-08-20 (3).xlsx
1250A 4P FIXED MOTORIZED ACB-KIT,ACB,1,,,3WJ1112-2AE12-4AD0,1,ACB,kits-export-2026-08-20 (3).xlsx
1250A 4P FIXED MOTORIZED ACB-KIT,BUSBAR,,,,40X10MM,15,ACB,kits-export-2026-08-20 (3).xlsx
1250A 3P WITHDRAWABLE MOTORIZED ACB-KIT,ACB,1,,,3WJ1112-2AE32-4AD0,1,ACB,kits-export-2026-08-20 (3).xlsx
1250A 3P WITHDRAWABLE MOTORIZED ACB-KIT,BUSBAR,,,,40X10MM,15,ACB,kits-export-2026-08-20 (3).xlsx
1250A 4P WITHDRAWABLE MOTORIZED ACB-KIT,ACB,1,,,3WJ1112-2AE42-4AD0,1,ACB,kits-export-2026-08-20 (3).xlsx
1250A 4P WITHDRAWABLE MOTORIZED ACB-KIT,BUSBAR,,,,40X10MM,15,ACB,kits-export-2026-08-20 (3).xlsx
1250A 4P WITHDRAWABLE MOTORIZED ACB with Changeover accessories-KIT,ACB,1,,,3WJ1112-2AE42-4DD0-Z F40+R55+T40,1,ACB,kits-export-2026-08-20 (3).xlsx
1250A 4P WITHDRAWABLE MOTORIZED ACB with Changeover accessories-KIT,BUSBAR,,,,40X10MM,15,ACB,kits-export-2026-08-20 (3).xlsx
1600A 3P FIXED MANUAL ACB-KIT,ACB,1,,,3WJ1116-2AE02-1AD0,1,ACB,kits-export-2026-08-20 (3).xlsx
1600A 3P FIXED MANUAL ACB-KIT,BUSBAR,,,,50X10MM,15,ACB,kits-export-2026-08-20 (3).xlsx
1600A 4P FIXED MANUAL ACB-KIT,ACB,1,,,3WJ1116-2AE12-1AD0,1,ACB,kits-export-2026-08-20 (3).xlsx
1600A 4P FIXED MANUAL ACB-KIT,BUSBAR,,,,50X10MM,15,ACB,kits-export-2026-08-20 (3).xlsx
1600A 3P WITHDRAWABLE MANUAL ACB-KIT,ACB,1,,,3WJ1116-2AE32-1AD0,1,ACB,kits-export-2026-08-20 (3).xlsx
1600A 3P WITHDRAWABLE MANUAL ACB-KIT,BUSBAR,,,,50X10MM,15,ACB,kits-export-2026-08-20 (3).xlsx
1600A 4P WITHDRAWABLE MANUAL ACB-KIT,ACB,1,,,3WJ1116-2AE42-1AD0,1,ACB,kits-export-2026-08-20 (3).xlsx
1600A 4P WITHDRAWABLE MANUAL ACB-KIT,BUSBAR,,,,50X10MM,15,ACB,kits-export-2026-08-20 (3).xlsx
1600A 3P FIXED MOTORIZED ACB-KIT,ACB,1,,,3WJ1116-2AE02-4AD0,1,ACB,kits-export-2026-08-20 (3).xlsx
1600A 3P FIXED MOTORIZED ACB-KIT,BUSBAR,,,,60X10MM,15,ACB,kits-export-2026-08-20 (3).xlsx
1600A 4P FIXED MOTORIZED ACB-KIT,ACB,1,,,3WJ1116-2AE12-4AD0,1,ACB,kits-export-2026-08-20 (3).xlsx
1600A 4P FIXED MOTORIZED ACB-KIT,BUSBAR,,,,50X10MM,15,ACB,kits-export-2026-08-20 (3).xlsx
1600A 3P WITHDRAWABLE MOTORIZED ACB-KIT,ACB,1,,,3WJ1116-2AE32-4AD0,1,ACB,kits-export-2026-08-20 (3).xlsx
1600A 3P WITHDRAWABLE MOTORIZED ACB-KIT,BUSBAR,,,,50X10MM,15,ACB,kits-export-2026-08-20 (3).xlsx
1600A 4P WITHDRAWABLE MOTORIZED ACB-KIT,ACB,1,,,3WJ1116-2AE42-4AD0,1,ACB,kits-export-2026-08-20 (3).xlsx
1600A 4P WITHDRAWABLE MOTORIZED ACB-KIT,BUSBAR,,,,50X10MM,15,ACB,kits-export-2026-08-20 (3).xlsx
1600A 4P WITHDRAWABLE MOTORIZED ACB with changeover accessories-KIT,ACB,1,,,3WJ1116-2AE42-4DD0-Z F40+R55+T40,1,ACB,kits-export-2026-08-20 (3).xlsx
1600A 4P WITHDRAWABLE MOTORIZED ACB with changeover accessories-KIT,BUSBAR,,,,50X10MM,15,ACB,kits-export-2026-08-20 (3).xlsx
2000A 3P FIXED MANUAL ACB-KIT,ACB,2,,,3WJ1220-2AE02-1AD0,1,ACB,kits-export-2026-08-20 (3).xlsx
2000A 3P FIXED MANUAL ACB-KIT,BUSBAR,,,,50X10MM,22,ACB,kits-export-2026-08-20 (3).xlsx
2000A 4P FIXED MANUAL ACB-KIT,ACB,2,,,3WJ1220-2AE12-1AD0,1,ACB,kits-export-2026-08-20 (3).xlsx
2000A 4P FIXED MANUAL ACB-KIT,BUSBAR,,,,50X10MM,22,ACB,kits-export-2026-08-20 (3).xlsx
2000A 3P WITHDRAWABLE MANUAL ACB-KIT,ACB,2,,,3WJ1220-2AE32-1AD0,1,ACB,kits-export-2026-08-20 (3).xlsx
2000A 3P WITHDRAWABLE MANUAL ACB-KIT,BUSBAR,,,,50X10MM,22,ACB,kits-export-2026-08-20 (3).xlsx
2000A 4P WITHDRAWABLE MANUAL ACB-KIT,ACB,2,,,3WJ1220-2AE42-1AD0,1,ACB,kits-export-2026-08-20 (3).xlsx
2000A 4P WITHDRAWABLE MANUAL ACB-KIT,BUSBAR,,,,50X10MM,22,ACB,kits-export-2026-08-20 (3).xlsx
2000A 3P FIXED MOTORIZED ACB-KIT,ACB,2,,,3WJ1220-2AE02-4AD0,1,ACB,kits-export-2026-08-20 (3).xlsx
2000A 3P FIXED MOTORIZED ACB-KIT,BUSBAR,,,,50X10MM,22,ACB,kits-export-2026-08-20 (3).xlsx
2000A 4P FIXED MOTORIZED ACB-KIT,ACB,2,,,3WJ1220-2AE12-4AD0,1,ACB,kits-export-2026-08-20 (3).xlsx
2000A 4P FIXED MOTORIZED ACB-KIT,BUSBAR,,,,50X10MM,22,ACB,kits-export-2026-08-20 (3).xlsx
2000A 3P WITHDRAWABLE MOTORIZED ACB-KIT,ACB,2,,,3WJ1220-2AE32-4AD0,1,ACB,kits-export-2026-08-20 (3).xlsx
2000A 3P WITHDRAWABLE MOTORIZED ACB-KIT,BUSBAR,,,,50X10MM,22,ACB,kits-export-2026-08-20 (3).xlsx
2000A 4P WITHDRAWABLE MOTORIZED ACB-KIT,ACB,2,,,3WJ1220-2AE42-4AD0,1,ACB,kits-export-2026-08-20 (3).xlsx
2000A 4P WITHDRAWABLE MOTORIZED ACB-KIT,BUSBAR,,,,50X10MM,22,ACB,kits-export-2026-08-20 (3).xlsx
2000A 4P WITHDRAWABLE MOTORIZED ACB with changeover accessories-KIT,ACB,2,,,3WJ1220-2AE42-4DD0-Z F40+R55+T40,1,ACB,kits-export-2026-08-20 (3).xlsx
2000A 4P WITHDRAWABLE MOTORIZED ACB with changeover accessories-KIT,BUSBAR,,,,50X10MM,22,ACB,kits-export-2026-08-20 (3).xlsx
2500A 3P FIXED MANUAL ACB-KIT,ACB,2,,,3WJ1225-2AE02-1AD0,1,ACB,kits-export-2026-08-20 (3).xlsx
2500A 3P FIXED MANUAL ACB-KIT,BUSBAR,,,,100X10MM,20,ACB,kits-export-2026-08-20 (3).xlsx
2500A 4P FIXED MANUAL ACB-KIT,ACB,2,,,3WJ1225-2AE12-1AD0,1,ACB,kits-export-2026-08-20 (3).xlsx
2500A 4P FIXED MANUAL ACB-KIT,BUSBAR,,,,100X10MM,20,ACB,kits-export-2026-08-20 (3).xlsx
2500A 3P WITHDRAWABLE MANUAL ACB-KIT,ACB,2,,,3WJ1225-2AE32-1AD0,1,ACB,kits-export-2026-08-20 (3).xlsx
2500A 3P WITHDRAWABLE MANUAL ACB-KIT,BUSBAR,,,,100X10MM,20,ACB,kits-export-2026-08-20 (3).xlsx
2500A 4P WITHDRAWABLE MANUAL ACB-KIT,ACB,2,,,3WJ1225-2AE42-1AD0,1,ACB,kits-export-2026-08-20 (3).xlsx
2500A 4P WITHDRAWABLE MANUAL ACB-KIT,BUSBAR,,,,100X10MM,20,ACB,kits-export-2026-08-20 (3).xlsx
2500A 3P FIXED MOTORIZED ACB-KIT,ACB,2,,,3WJ1225-2AE02-4AD0,1,ACB,kits-export-2026-08-20 (3).xlsx
2500A 3P FIXED MOTORIZED ACB-KIT,BUSBAR,,,,100X10MM,20,ACB,kits-export-2026-08-20 (3).xlsx
2500A 4P FIXED MOTORIZED ACB-KIT,ACB,2,,,3WJ1225-2AE12-4AD0,1,ACB,kits-export-2026-08-20 (3).xlsx
2500A 4P FIXED MOTORIZED ACB-KIT,BUSBAR,,,,100X10MM,20,ACB,kits-export-2026-08-20 (3).xlsx
2500A 3P WITHDRAWABLE MOTORIZED ACB-KIT,ACB,2,,,3WJ1225-2AE32-4AD0,1,ACB,kits-export-2026-08-20 (3).xlsx
2500A 3P WITHDRAWABLE MOTORIZED ACB-KIT,BUSBAR,,,,100X10MM,20,ACB,kits-export-2026-08-20 (3).xlsx
2500A 4P WITHDRAWABLE MOTORIZED ACB-KIT,ACB,2,,,3WJ1225-2AE42-4AD0,1,ACB,kits-export-2026-08-20 (3).xlsx
2500A 4P WITHDRAWABLE MOTORIZED ACB-KIT,BUSBAR,,,,100X10MM,20,ACB,kits-export-2026-08-20 (3).xlsx
2500A 4P WITHDRAWABLE MOTORIZED ACB with changeover accessories-KIT,ACB,2,,,3WJ1225-2AE42-4DD0-Z F40+R55+T40,1,ACB,kits-export-2026-08-20 (3).xlsx
2500A 4P WITHDRAWABLE MOTORIZED ACB with changeover accessories-KIT,BUSBAR,,,,100X10MM,20,ACB,kits-export-2026-08-20 (3).xlsx
3200A 3P FIXED MANUAL ACB-KIT,ACB,2,,,3WJ1232-2AE02-1AD0,1,ACB,kits-export-2026-08-20 (3).xlsx
3200A 3P FIXED MANUAL ACB-KIT,BUSBAR,,,,100X10MM,29,ACB,kits-export-2026-08-20 (3).xlsx
3200A 4P FIXED MANUAL ACB-KIT,ACB,2,,,3WJ1232-2AE12-1AD0,1,ACB,kits-export-2026-08-20 (3).xlsx
3200A 4P FIXED MANUAL ACB-KIT,BUSBAR,,,,100X10MM,29,ACB,kits-export-2026-08-20 (3).xlsx
3200A 3P WITHDRAWABLE MANUAL ACB-KIT,ACB,2,,,3WJ1232-2AE32-1AD0,1,ACB,kits-export-2026-08-20 (3).xlsx
3200A 3P WITHDRAWABLE MANUAL ACB-KIT,BUSBAR,,,,100X10MM,29,ACB,kits-export-2026-08-20 (3).xlsx
3200A 4P WITHDRAWABLE MANUAL ACB-KIT,ACB,2,,,3WJ1232-2AE42-1AD0,1,ACB,kits-export-2026-08-20 (3).xlsx
3200A 4P WITHDRAWABLE MANUAL ACB-KIT,BUSBAR,,,,100X10MM,29,ACB,kits-export-2026-08-20 (3).xlsx
3200A 3P FIXED MOTORIZED ACB-KIT,ACB,2,,,3WJ1232-2AE02-4AD0,1,ACB,kits-export-2026-08-20 (3).xlsx
3200A 3P FIXED MOTORIZED ACB-KIT,BUSBAR,,,,100X10MM,29,ACB,kits-export-2026-08-20 (3).xlsx
3200A 4P FIXED MOTORIZED ACB-KIT,ACB,2,,,3WJ1232-2AE12-4AD0,1,ACB,kits-export-2026-08-20 (3).xlsx
3200A 4P FIXED MOTORIZED ACB-KIT,BUSBAR,,,,100X10MM,29,ACB,kits-export-2026-08-20 (3).xlsx
3200A 3P WITHDRAWABLE MOTORIZED ACB-KIT,ACB,2,,,3WJ1232-2AE32-4AD0,1,ACB,kits-export-2026-08-20 (3).xlsx
3200A 3P WITHDRAWABLE MOTORIZED ACB-KIT,BUSBAR,,,,100X10MM,29,ACB,kits-export-2026-08-20 (3).xlsx
3200A 4P WITHDRAWABLE MOTORIZED ACB-KIT,ACB,2,,,3WJ1232-2AE42-4AD0,1,ACB,kits-export-2026-08-20 (3).xlsx
3200A 4P WITHDRAWABLE MOTORIZED ACB-KIT,BUSBAR,,,,100X10MM,29,ACB,kits-export-2026-08-20 (3).xlsx
3200A 4P WITHDRAWABLE MOTORIZED ACB with changeover accessories-KIT,ACB,2,,,3WJ1232-2AE42-4DD0-Z F40+R55+T40,1,ACB,kits-export-2026-08-20 (3).xlsx
3200A 4P WITHDRAWABLE MOTORIZED ACB with changeover accessories-KIT,BUSBAR,,,,100X10MM,29,ACB,kits-export-2026-08-20 (3).xlsx
4000A 3P FIXED MANUAL ACB-KIT,ACB,2,,,3WJ1240-2AE01-1AD0,1,ACB,kits-export-2026-08-20 (3).xlsx
4000A 3P FIXED MANUAL ACB-KIT,BUSBAR,,,,100X10MM,39,ACB,kits-export-2026-08-20 (3).xlsx
4000A 4P FIXED MANUAL ACB-KIT,ACB,2,,,3WJ1240-2AE11-1AD0,1,ACB,kits-export-2026-08-20 (3).xlsx
4000A 4P FIXED MANUAL ACB-KIT,BUSBAR,,,,100X10MM,39,ACB,kits-export-2026-08-20 (3).xlsx
4000A 3P WITHDRAWABLE MANUAL ACB-KIT,ACB,2,,,3WJ1240-2AE31-1AD0,1,ACB,kits-export-2026-08-20 (3).xlsx
4000A 3P WITHDRAWABLE MANUAL ACB-KIT,BUSBAR,,,,100X10MM,39,ACB,kits-export-2026-08-20 (3).xlsx
4000A 4P WITHDRAWABLE MANUAL ACB-KIT,ACB,2,,,3WJ1240-2AE41-1AD0,1,ACB,kits-export-2026-08-20 (3).xlsx
4000A 4P WITHDRAWABLE MANUAL ACB-KIT,BUSBAR,,,,100X10MM,39,ACB,kits-export-2026-08-20 (3).xlsx
4000A 3P FIXED MOTORIZED ACB-KIT,ACB,2,,,3WJ1240-2AE01-4AD0,1,ACB,kits-export-2026-08-20 (3).xlsx
4000A 3P FIXED MOTORIZED ACB-KIT,BUSBAR,,,,100X10MM,39,ACB,kits-export-2026-08-20 (3).xlsx
4000A 4P FIXED MOTORIZED ACB-KIT,ACB,2,,,3WJ1240-2AE11-4AD0,1,ACB,kits-export-2026-08-20 (3).xlsx
4000A 4P FIXED MOTORIZED ACB-KIT,BUSBAR,,,,100X10MM,39,ACB,kits-export-2026-08-20 (3).xlsx
4000A 3P WITHDRAWABLE MOTORIZED ACB-KIT,ACB,2,,,3WJ1240-2AE31-4AD0,1,ACB,kits-export-2026-08-20 (3).xlsx
4000A 3P WITHDRAWABLE MOTORIZED ACB-KIT,BUSBAR,,,,100X10MM,39,ACB,kits-export-2026-08-20 (3).xlsx
4000A 4P WITHDRAWABLE MOTORIZED ACB-KIT,ACB,2,,,3WJ1240-2AE41-4AD0,1,ACB,kits-export-2026-08-20 (3).xlsx
4000A 4P WITHDRAWABLE MOTORIZED ACB-KIT,BUSBAR,,,,100X10MM,39,ACB,kits-export-2026-08-20 (3).xlsx
4000A 4P WITHDRAWABLE MOTORIZED ACB with changeover accessories-KIT,ACB,2,,,3WJ1240-2AE41-4DD0-Z F40+R55+T40,1,ACB,kits-export-2026-08-20 (3).xlsx
4000A 4P WITHDRAWABLE MOTORIZED ACB with changeover accessories-KIT,BUSBAR,,,,100X10MM,39,ACB,kits-export-2026-08-20 (3).xlsx
"20A,TP,MCCB, Adjustable, 25KA-KIT",MCCB,,,,3VJ1002-3DB32-0AA0,1,MCCB,kits-export-2026-08-20 (3).xlsx
"20A,TP,MCCB, Adjustable, 25KA-KIT",CABLE,,,,16SQMM,2,MCCB,kits-export-2026-08-20 (3).xlsx
"25A,TP,MCCB, Adjustable, 25KA-KIT",MCCB,,,,3VJ1092-3DB32-0AA0,1,MCCB,kits-export-2026-08-20 (3).xlsx
"25A,TP,MCCB, Adjustable, 25KA-KIT",CABLE,,,,16SQMM,2,MCCB,kits-export-2026-08-20 (3).xlsx
"32A,TP,MCCB, Adjustable, 25KA-KIT",MCCB,,,,3VJ1003-3DB32-0AA0,1,MCCB,kits-export-2026-08-20 (3).xlsx
"32A,TP,MCCB, Adjustable, 25KA-KIT",CABLE,,,,16SQMM,2,MCCB,kits-export-2026-08-20 (3).xlsx
"40A,TP,MCCB, Adjustable, 25KA-KIT",MCCB,,,,3VJ1004-3DB32-0AA0,1,MCCB,kits-export-2026-08-20 (3).xlsx
"40A,TP,MCCB, Adjustable, 25KA-KIT",CABLE,,,,16SQMM,2,MCCB,kits-export-2026-08-20 (3).xlsx
"50A,TP,MCCB, Adjustable, 25KA-KIT",MCCB,,,,3VJ1005-3DB32-0AA0,1,MCCB,kits-export-2026-08-20 (3).xlsx
"50A,TP,MCCB, Adjustable, 25KA-KIT",CABLE,,,,16SQMM,2,MCCB,kits-export-2026-08-20 (3).xlsx
"63A,TP,MCCB, Adjustable 25KA-KIT",MCCB,,,,3VJ1006-3DB32-0AA0,1,MCCB,kits-export-2026-08-20 (3).xlsx
"63A,TP,MCCB, Adjustable 25KA-KIT",CABLE,,,,16SQMM,2,MCCB,kits-export-2026-08-20 (3).xlsx
"80A,TP,MCCB, Adjustable, 25KA-KIT",MCCB,,,,3VJ1008-3DB32-0AA0,1,MCCB,kits-export-2026-08-20 (3).xlsx
"80A,TP,MCCB, Adjustable, 25KA-KIT",CABLE,,,,25SQMM,2,MCCB,kits-export-2026-08-20 (3).xlsx
"100A,TP,MCCB, Adjustable,25KA-KIT",MCCB,,,,3VJ1010-3DB32-0AA0,1,MCCB,kits-export-2026-08-20 (3).xlsx
"100A,TP,MCCB, Adjustable,25KA-KIT",CABLE,,,,25SQMM,2,MCCB,kits-export-2026-08-20 (3).xlsx
"125A,TP,MCCB, Adjustable, 25KA-KIT",MCCB,,,,3VJ1012-3DB32-0AA0,1,MCCB,kits-export-2026-08-20 (3).xlsx
"125A,TP,MCCB, Adjustable, 25KA-KIT",CABLE,,,,35SQMM,2,MCCB,kits-export-2026-08-20 (3).xlsx
"20A,4P,MCCB, Adjustable, 25KA-KIT",MCCB,,,,3VJ1002-3EB42-0AA0,1,MCCB,kits-export-2026-08-20 (3).xlsx
"20A,4P,MCCB, Adjustable, 25KA-KIT",CABLE,,,,16SQMM,2,MCCB,kits-export-2026-08-20 (3).xlsx
"25A,4P,MCCB, Adjustable, 25KA-KIT",MCCB,,,,3VJ1092-3EB42-0AA0,1,MCCB,kits-export-2026-08-20 (3).xlsx
"25A,4P,MCCB, Adjustable, 25KA-KIT",CABLE,,,,16SQMM,2,MCCB,kits-export-2026-08-20 (3).xlsx
"32A,4P,MCCB, Adjustable, 25KA-KIT",MCCB,,,,3VJ1003-3EB42-0AA0,1,MCCB,kits-export-2026-08-20 (3).xlsx
"32A,4P,MCCB, Adjustable, 25KA-KIT",CABLE,,,,16SQMM,2,MCCB,kits-export-2026-08-20 (3).xlsx
"40A,4P,MCCB, Adjustable, 25KA-KIT",MCCB,,,,3VJ1004-3EB42-0AA0,1,MCCB,kits-export-2026-08-20 (3).xlsx
"40A,4P,MCCB, Adjustable, 25KA-KIT",CABLE,,,,16SQMM,2,MCCB,kits-export-2026-08-20 (3).xlsx
"50A,4P,MCCB, Adjustable, 25KA-KIT",MCCB,,,,3VJ1005-3EB42-0AA0,1,MCCB,kits-export-2026-08-20 (3).xlsx
"50A,4P,MCCB, Adjustable, 25KA-KIT",CABLE,,,,16SQMM,2,MCCB,kits-export-2026-08-20 (3).xlsx
"63A,4P,MCCB, Adjustable 25KA-KIT",MCCB,,,,3VJ1006-3EB42-0AA0,1,MCCB,kits-export-2026-08-20 (3).xlsx
"63A,4P,MCCB, Adjustable 25KA-KIT",CABLE,,,,16SQMM,2,MCCB,kits-export-2026-08-20 (3).xlsx
"80A,4P,MCCB, Adjustable, 25KA-KIT",MCCB,,,,3VJ1008-3EB42-0AA0,1,MCCB,kits-export-2026-08-20 (3).xlsx
"80A,4P,MCCB, Adjustable, 25KA-KIT",CABLE,,,,25SQMM,2,MCCB,kits-export-2026-08-20 (3).xlsx
"100A,4P,MCCB, Adjustable,25KA-KIT",MCCB,,,,3VJ1010-3EB42-0AA0,1,MCCB,kits-export-2026-08-20 (3).xlsx
"100A,4P,MCCB, Adjustable,25KA-KIT",CABLE,,,,25SQMM,2,MCCB,kits-export-2026-08-20 (3).xlsx
"125A,4P,MCCB, Adjustable, 25KA-KIT",MCCB,,,,3VJ1012-3EB42-0AA0,1,MCCB,kits-export-2026-08-20 (3).xlsx
"125A,4P,MCCB, Adjustable, 25KA-KIT",CABLE,,,,35SQMM,2,MCCB,kits-export-2026-08-20 (3).xlsx
"160A,TP,MCCB, Adjustable, 25KA-KIT",MCCB,,,,3VJ1216-3DB32-0AA0,1,MCCB,kits-export-2026-08-20 (3).xlsx
"160A,TP,MCCB, Adjustable, 25KA-KIT",CABLE,,,,50SQMM,3,MCCB,kits-export-2026-08-20 (3).xlsx
"200A,TP,MCCB, Adjustable, 25KA-KIT",MCCB,,,,3VJ1220-3DB32-0AA0,1,MCCB,kits-export-2026-08-20 (3).xlsx
"200A,TP,MCCB, Adjustable, 25KA-KIT",CABLE,,,,70SQMM,3,MCCB,kits-export-2026-08-20 (3).xlsx
"250A,TP,MCCB, Adjustable, 25KA-KIT",MCCB,,,,3VJ1225-3DB32-0AA0,1,MCCB,kits-export-2026-08-20 (3).xlsx
"250A,TP,MCCB, Adjustable, 25KA-KIT",CABLE,,,,95SQMM,3,MCCB,kits-export-2026-08-20 (3).xlsx
"160A,4P,MCCB, Adjustable, 25KA-KIT",MCCB,,,,3VJ1216-3EB42-0AA0,1,MCCB,kits-export-2026-08-20 (3).xlsx
"160A,4P,MCCB, Adjustable, 25KA-KIT",CABLE,,,,50SQMM,3,MCCB,kits-export-2026-08-20 (3).xlsx
"200A,4P,MCCB, Adjustable, 25KA-KIT",MCCB,,,,3VJ1220-3EB42-0AA0,1,MCCB,kits-export-2026-08-20 (3).xlsx
"200A,4P,MCCB, Adjustable, 25KA-KIT",CABLE,,,,70SQMM,3,MCCB,kits-export-2026-08-20 (3).xlsx
"250A,4P,MCCB, Adjustable, 25KA-KIT",MCCB,,,,3VJ1225-3EB42-0AA0,1,MCCB,kits-export-2026-08-20 (3).xlsx
"250A,4P,MCCB, Adjustable, 25KA-KIT",CABLE,,,,95SQMM,3,MCCB,kits-export-2026-08-20 (3).xlsx
"320A,TP,MCCB, Adjustable, 25kA-INCOMER-KIT",MCCB,,,,3VJ1332-3DB32-0AA0,1,INCOMER-KIT,kits-export-2026-08-20 (3).xlsx
"320A,TP,MCCB, Adjustable, 25kA-INCOMER-KIT",BUSBAR,,,,40X5MM,5,INCOMER-KIT,kits-export-2026-08-20 (3).xlsx
"400A,TP,MCCB, Adjustable, 25kA-INCOMER-KIT",MCCB,,,,3VJ1340-3DB32-0AA0,1,INCOMER-KIT,kits-export-2026-08-20 (3).xlsx
"400A,TP,MCCB, Adjustable, 25kA-INCOMER-KIT",BUSBAR,,,,40X5MM,5,INCOMER-KIT,kits-export-2026-08-20 (3).xlsx
"320A,4P,MCCB, Adjustable, 25kA-INCOMER-KIT",MCCB,,,,3VJ1332-3EB42-0AA0,1,INCOMER-KIT,kits-export-2026-08-20 (3).xlsx
"320A,4P,MCCB, Adjustable, 25kA-INCOMER-KIT",BUSBAR,,,,40X5MM,5,INCOMER-KIT,kits-export-2026-08-20 (3).xlsx
"400A,4P,MCCB, Adjustable, 25kA-INCOMER-KIT",MCCB,,,,3VJ1340-3EB42-0AA0,1,INCOMER-KIT,kits-export-2026-08-20 (3).xlsx
"400A,4P,MCCB, Adjustable, 25kA-INCOMER-KIT",BUSBAR,,,,40X5MM,5,INCOMER-KIT,kits-export-2026-08-20 (3).xlsx
"320A,TP,MCCB, Adjustable, 36kA-INCOMER-KIT",MCCB,,,,3VJ1332-5DB32-0AA0,1,INCOMER-KIT,kits-export-2026-08-20 (3).xlsx
"320A,TP,MCCB, Adjustable, 36kA-INCOMER-KIT",BUSBAR,,,,40X5MM,5,INCOMER-KIT,kits-export-2026-08-20 (3).xlsx
"400A,TP,MCCB, Adjustable, 36kA-INCOMER-KIT",MCCB,,,,3VJ1340-5DB32-0AA0,1,INCOMER-KIT,kits-export-2026-08-20 (3).xlsx
"400A,TP,MCCB, Adjustable, 36kA-INCOMER-KIT",BUSBAR,,,,40X5MM,5,INCOMER-KIT,kits-export-2026-08-20 (3).xlsx
"320A,4P,MCCB, Adjustable, 36kA-INCOMER-KIT",MCCB,,,,3VJ1332-5EB42-0AA0,1,INCOMER-KIT,kits-export-2026-08-20 (3).xlsx
"320A,4P,MCCB, Adjustable, 36kA-INCOMER-KIT",BUSBAR,,,,40X5MM,5,INCOMER-KIT,kits-export-2026-08-20 (3).xlsx
"400A,4P,MCCB, Adjustable, 36kA-INCOMER-KIT",MCCB,,,,3VJ1340-5EB42-0AA0,1,INCOMER-KIT,kits-export-2026-08-20 (3).xlsx
"400A,4P,MCCB, Adjustable, 36kA-INCOMER-KIT",BUSBAR,,,,40X5MM,5,INCOMER-KIT,kits-export-2026-08-20 (3).xlsx
"500A,TP,MCCB, Adjustable, 36kA-INCOMER-KIT",MCCB,,,,3VJ1450-5DB32-0AA0,1,INCOMER-KIT,kits-export-2026-08-20 (3).xlsx
"500A,TP,MCCB, Adjustable, 36kA-INCOMER-KIT",BUSBAR,,,,30X10MM,5,INCOMER-KIT,kits-export-2026-08-20 (3).xlsx
"630A,TP,MCCB, Adjustable, 36kA-INCOMER-KIT",MCCB,,,,3VJ1463-5DB32-0AA0,1,INCOMER-KIT,kits-export-2026-08-20 (3).xlsx
"630A,TP,MCCB, Adjustable, 36kA-INCOMER-KIT",BUSBAR,,,,30X10MM,5,INCOMER-KIT,kits-export-2026-08-20 (3).xlsx
"500A,4P,MCCB, Adjustable, 36kA-INCOMER-KIT",MCCB,,,,3VJ1450-5EB42-0AA0,1,INCOMER-KIT,kits-export-2026-08-20 (3).xlsx
"500A,4P,MCCB, Adjustable, 36kA-INCOMER-KIT",BUSBAR,,,,30X10MM,5,INCOMER-KIT,kits-export-2026-08-20 (3).xlsx
"630A,4P,MCCB, Adjustable, 36kA-INCOMER-KIT",MCCB,,,,3VJ1463-5EB42-0AA0,1,INCOMER-KIT,kits-export-2026-08-20 (3).xlsx
"630A,4P,MCCB, Adjustable, 36kA-INCOMER-KIT",BUSBAR,,,,30X10MM,5,INCOMER-KIT,kits-export-2026-08-20 (3).xlsx
"320A,TP,MCCB, Adjustable, 25kA-OUTGOER-KIT",MCCB,,,,3VJ1332-3DB32-0AA0,1,OUTGOER-KIT,kits-export-2026-08-20 (3).xlsx
"320A,TP,MCCB, Adjustable, 25kA-OUTGOER-KIT",BUSBAR,,,,40X5MM,3,OUTGOER-KIT,kits-export-2026-08-20 (3).xlsx
"400A,TP,MCCB, Adjustable, 25kA-OUTGOER-KIT",MCCB,,,,3VJ1340-3DB32-0AA0,1,OUTGOER-KIT,kits-export-2026-08-20 (3).xlsx
"400A,TP,MCCB, Adjustable, 25kA-OUTGOER-KIT",BUSBAR,,,,40X5MM,3,OUTGOER-KIT,kits-export-2026-08-20 (3).xlsx
"320A,4P,MCCB, Adjustable, 25kA-OUTGOER-KIT",MCCB,,,,3VJ1332-3EB42-0AA0,1,OUTGOER-KIT,kits-export-2026-08-20 (3).xlsx
"320A,4P,MCCB, Adjustable, 25kA-OUTGOER-KIT",BUSBAR,,,,40X5MM,3,OUTGOER-KIT,kits-export-2026-08-20 (3).xlsx
"400A,4P,MCCB, Adjustable, 25kA-OUTGOER-KIT",MCCB,,,,3VJ1340-3EB42-0AA0,1,OUTGOER-KIT,kits-export-2026-08-20 (3).xlsx
"400A,4P,MCCB, Adjustable, 25kA-OUTGOER-KIT",BUSBAR,,,,40X5MM,3,OUTGOER-KIT,kits-export-2026-08-20 (3).xlsx
"320A,TP,MCCB, Adjustable, 36kA-OUTGOER-KIT",MCCB,,,,3VJ1332-5DB32-0AA0,1,OUTGOER-KIT,kits-export-2026-08-20 (3).xlsx
"320A,TP,MCCB, Adjustable, 36kA-OUTGOER-KIT",BUSBAR,,,,40X5MM,3,OUTGOER-KIT,kits-export-2026-08-20 (3).xlsx
"400A,TP,MCCB, Adjustable, 36kA-OUTGOER-KIT",MCCB,,,,3VJ1340-5DB32-0AA0,1,OUTGOER-KIT,kits-export-2026-08-20 (3).xlsx
"400A,TP,MCCB, Adjustable, 36kA-OUTGOER-KIT",BUSBAR,,,,40X5MM,3,OUTGOER-KIT,kits-export-2026-08-20 (3).xlsx
"320A,4P,MCCB, Adjustable, 36kA-OUTGOER-KIT",MCCB,,,,3VJ1332-5EB42-0AA0,1,OUTGOER-KIT,kits-export-2026-08-20 (3).xlsx
"320A,4P,MCCB, Adjustable, 36kA-OUTGOER-KIT",BUSBAR,,,,40X5MM,3,OUTGOER-KIT,kits-export-2026-08-20 (3).xlsx
"400A,4P,MCCB, Adjustable, 36kA-OUTGOER-KIT",MCCB,,,,3VJ1340-5EB42-0AA0,1,OUTGOER-KIT,kits-export-2026-08-20 (3).xlsx
"400A,4P,MCCB, Adjustable, 36kA-OUTGOER-KIT",BUSBAR,,,,40X5MM,3,OUTGOER-KIT,kits-export-2026-08-20 (3).xlsx
"500A,TP,MCCB, Adjustable, 36kA-OUTGOER-KIT",MCCB,,,,3VJ1450-5DB32-0AA0,1,OUTGOER-KIT,kits-export-2026-08-20 (3).xlsx
"500A,TP,MCCB, Adjustable, 36kA-OUTGOER-KIT",BUSBAR,,,,30X10MM,3,OUTGOER-KIT,kits-export-2026-08-20 (3).xlsx
"630A,TP,MCCB, Adjustable, 36kA-OUTGOER-KIT",MCCB,,,,3VJ1463-5DB32-0AA0,1,OUTGOER-KIT,kits-export-2026-08-20 (3).xlsx
"630A,TP,MCCB, Adjustable, 36kA-OUTGOER-KIT",BUSBAR,,,,30X10MM,3,OUTGOER-KIT,kits-export-2026-08-20 (3).xlsx
"500A,4P,MCCB, Adjustable, 36kA-OUTGOER-KIT",MCCB,,,,3VJ1450-5EB42-0AA0,1,OUTGOER-KIT,kits-export-2026-08-20 (3).xlsx
"500A,4P,MCCB, Adjustable, 36kA-OUTGOER-KIT",BUSBAR,,,,30X10MM,3,OUTGOER-KIT,kits-export-2026-08-20 (3).xlsx
"630A,4P,MCCB, Adjustable, 36kA-OUTGOER-KIT",MCCB,,,,3VJ1463-5EB42-0AA0,1,OUTGOER-KIT,kits-export-2026-08-20 (3).xlsx
"630A,4P,MCCB, Adjustable, 36kA-OUTGOER-KIT",BUSBAR,,,,30X10MM,3,OUTGOER-KIT,kits-export-2026-08-20 (3).xlsx
6A SP-10KA-KIT,MCB,,,,5TJ4106-7,1,MCB,kits-export-2026-08-20 (3).xlsx
6A SP-10KA-KIT,CABLE,,,,16SQMM,1,MCB,kits-export-2026-08-20 (3).xlsx
10A SP-10KA-KIT,MCB,,,,5TJ4110-7,1,MCB,kits-export-2026-08-20 (3).xlsx
10A SP-10KA-KIT,CABLE,,,,16SQMM,1,MCB,kits-export-2026-08-20 (3).xlsx
16A SP-10KA-KIT,MCB,,,,5TJ4116-7,1,MCB,kits-export-2026-08-20 (3).xlsx
16A SP-10KA-KIT,CABLE,,,,16SQMM,1,MCB,kits-export-2026-08-20 (3).xlsx
20A SP-10KA-KIT,MCB,,,,5TJ4120-7,1,MCB,kits-export-2026-08-20 (3).xlsx
20A SP-10KA-KIT,CABLE,,,,16SQMM,1,MCB,kits-export-2026-08-20 (3).xlsx
25A SP-10KA-KIT,MCB,,,,5TJ4125-7,1,MCB,kits-export-2026-08-20 (3).xlsx
25A SP-10KA-KIT,CABLE,,,,16SQMM,1,MCB,kits-export-2026-08-20 (3).xlsx
32A SP-10KA-KIT,MCB,,,,5TJ4132-7,1,MCB,kits-export-2026-08-20 (3).xlsx
32A SP-10KA-KIT,CABLE,,,,16SQMM,1,MCB,kits-export-2026-08-20 (3).xlsx
40A SP-10KA-KIT,MCB,,,,5TJ4140-7,1,MCB,kits-export-2026-08-20 (3).xlsx
40A SP-10KA-KIT,CABLE,,,,16SQMM,1,MCB,kits-export-2026-08-20 (3).xlsx
50A SP-10KA-KIT,MCB,,,,5TJ4150-7,1,MCB,kits-export-2026-08-20 (3).xlsx
50A SP-10KA-KIT,CABLE,,,,16SQMM,1,MCB,kits-export-2026-08-20 (3).xlsx
63A SP-10KA-KIT,MCB,,,,5TJ4163-7,1,MCB,kits-export-2026-08-20 (3).xlsx
63A SP-10KA-KIT,CABLE,,,,16SQMM,1,MCB,kits-export-2026-08-20 (3).xlsx
6A DP-10KA-KIT,MCB,,,,5TJ4206-7,1,MCB,kits-export-2026-08-20 (3).xlsx
6A DP-10KA-KIT,CABLE,,,,16SQMM,2,MCB,kits-export-2026-08-20 (3).xlsx
10A DP-10KA-KIT,MCB,,,,5TJ4210-7,1,MCB,kits-export-2026-08-20 (3).xlsx
10A DP-10KA-KIT,CABLE,,,,16SQMM,2,MCB,kits-export-2026-08-20 (3).xlsx
16A DP-10KA-KIT,MCB,,,,5TJ4216-7,1,MCB,kits-export-2026-08-20 (3).xlsx
16A DP-10KA-KIT,CABLE,,,,16SQMM,2,MCB,kits-export-2026-08-20 (3).xlsx
20A DP-10KA-KIT,MCB,,,,5TJ4220-7,1,MCB,kits-export-2026-08-20 (3).xlsx
20A DP-10KA-KIT,CABLE,,,,16SQMM,2,MCB,kits-export-2026-08-20 (3).xlsx
25A DP-10KA-KIT,MCB,,,,5TJ4225-7,1,MCB,kits-export-2026-08-20 (3).xlsx
25A DP-10KA-KIT,CABLE,,,,16SQMM,2,MCB,kits-export-2026-08-20 (3).xlsx
32A DP-10KA-KIT,MCB,,,,5TJ4232-7,1,MCB,kits-export-2026-08-20 (3).xlsx
32A DP-10KA-KIT,CABLE,,,,16SQMM,2,MCB,kits-export-2026-08-20 (3).xlsx
40A DP-10KA-KIT,MCB,,,,5TJ4240-7,1,MCB,kits-export-2026-08-20 (3).xlsx
40A DP-10KA-KIT,CABLE,,,,16SQMM,2,MCB,kits-export-2026-08-20 (3).xlsx
50A DP-10KA-KIT,MCB,,,,5TJ4250-7,1,MCB,kits-export-2026-08-20 (3).xlsx
50A DP-10KA-KIT,CABLE,,,,16SQMM,2,MCB,kits-export-2026-08-20 (3).xlsx
63A DP-10KA-KIT,MCB,,,,5TJ4263-7,1,MCB,kits-export-2026-08-20 (3).xlsx
63A DP-10KA-KIT,CABLE,,,,16SQMM,2,MCB,kits-export-2026-08-20 (3).xlsx
6A 3P-10KA-KIT,MCB,,,,5TJ4306-7,1,MCB,kits-export-2026-08-20 (3).xlsx
6A 3P-10KA-KIT,CABLE,,,,16SQMM,2,MCB,kits-export-2026-08-20 (3).xlsx
10A 3P-10KA-KIT,MCB,,,,5TJ4310-7,1,MCB,kits-export-2026-08-20 (3).xlsx
10A 3P-10KA-KIT,CABLE,,,,16SQMM,2,MCB,kits-export-2026-08-20 (3).xlsx
16A 3P-10KA-KIT,MCB,,,,5TJ4316-7,1,MCB,kits-export-2026-08-20 (3).xlsx
16A 3P-10KA-KIT,CABLE,,,,16SQMM,2,MCB,kits-export-2026-08-20 (3).xlsx
20A 3P-10KA-KIT,MCB,,,,5TJ4320-7,1,MCB,kits-export-2026-08-20 (3).xlsx
20A 3P-10KA-KIT,CABLE,,,,16SQMM,2,MCB,kits-export-2026-08-20 (3).xlsx
25A 3P-10KA-KIT,MCB,,,,5TJ4325-7,1,MCB,kits-export-2026-08-20 (3).xlsx
25A 3P-10KA-KIT,CABLE,,,,16SQMM,2,MCB,kits-export-2026-08-20 (3).xlsx
32A 3P-10KA-KIT,MCB,,,,5TJ4332-7,1,MCB,kits-export-2026-08-20 (3).xlsx
32A 3P-10KA-KIT,CABLE,,,,16SQMM,2,MCB,kits-export-2026-08-20 (3).xlsx
40A 3P-10KA-KIT,MCB,,,,5TJ4340-7,1,MCB,kits-export-2026-08-20 (3).xlsx
40A 3P-10KA-KIT,CABLE,,,,16SQMM,2,MCB,kits-export-2026-08-20 (3).xlsx
50A 3P-10KA-KIT,MCB,,,,5TJ4350-7,1,MCB,kits-export-2026-08-20 (3).xlsx
50A 3P-10KA-KIT,CABLE,,,,16SQMM,2,MCB,kits-export-2026-08-20 (3).xlsx
63A 3P-10KA-KIT,MCB,,,,5TJ4363-7,1,MCB,kits-export-2026-08-20 (3).xlsx
63A 3P-10KA-KIT,CABLE,,,,16SQMM,2,MCB,kits-export-2026-08-20 (3).xlsx
6A 4P-10KA-KIT,MCB,,,,5TJ4406-7,1,MCB,kits-export-2026-08-20 (3).xlsx
6A 4P-10KA-KIT,CABLE,,,,16SQMM,2,MCB,kits-export-2026-08-20 (3).xlsx
10A 4P-10KA-KIT,MCB,,,,5TJ4410-7,1,MCB,kits-export-2026-08-20 (3).xlsx
10A 4P-10KA-KIT,CABLE,,,,16SQMM,2,MCB,kits-export-2026-08-20 (3).xlsx
16A 4P-10KA-KIT,MCB,,,,5TJ4416-7,1,MCB,kits-export-2026-08-20 (3).xlsx
16A 4P-10KA-KIT,CABLE,,,,16SQMM,2,MCB,kits-export-2026-08-20 (3).xlsx
20A 4P-10KA-KIT,MCB,,,,5TJ4420-7,1,MCB,kits-export-2026-08-20 (3).xlsx
20A 4P-10KA-KIT,CABLE,,,,16SQMM,2,MCB,kits-export-2026-08-20 (3).xlsx
25A 4P-10KA-KIT,MCB,,,,5TJ4425-7,1,MCB,kits-export-2026-08-20 (3).xlsx
25A 4P-10KA-KIT,CABLE,,,,16SQMM,2,MCB,kits-export-2026-08-20 (3).xlsx
32A 4P-10KA-KIT,MCB,,,,5TJ4432-7,1,MCB,kits-export-2026-08-20 (3).xlsx
32A 4P-10KA-KIT,CABLE,,,,16SQMM,2,MCB,kits-export-2026-08-20 (3).xlsx
40A 4P-10KA-KIT,MCB,,,,5TJ4440-7,1,MCB,kits-export-2026-08-20 (3).xlsx
40A 4P-10KA-KIT,CABLE,,,,16SQMM,2,MCB,kits-export-2026-08-20 (3).xlsx
50A 4P-10KA-KIT,MCB,,,,5TJ4450-7,1,MCB,kits-export-2026-08-20 (3).xlsx
50A 4P-10KA-KIT,CABLE,,,,16SQMM,2,MCB,kits-export-2026-08-20 (3).xlsx
63A 4P-10KA-KIT,MCB,,,,5TJ4463-7,1,MCB,kits-export-2026-08-20 (3).xlsx
63A 4P-10KA-KIT,CABLE,,,,16SQMM,2,MCB,kits-export-2026-08-20 (3).xlsx
800A 4P WITHDRAWABLE MOTORIZED ACB-ATS KIT,ACB,,,,3WJ1108-2AE12-4DD0-Z F40+S55+T40,2,ATS,kits-export-2026-08-20 (3).xlsx
800A 4P WITHDRAWABLE MOTORIZED ACB-ATS KIT,BUSBAR,,,,40X10MM,15,ATS,kits-export-2026-08-20 (3).xlsx
800A 4P WITHDRAWABLE MOTORIZED ACB-ATS KIT,METERING,,,,LM1340,2,ATS,kits-export-2026-08-20 (3).xlsx
800A 4P WITHDRAWABLE MOTORIZED ACB-ATS KIT,CT,,,,800A/5,6,ATS,kits-export-2026-08-20 (3).xlsx
800A 4P WITHDRAWABLE MOTORIZED ACB-ATS KIT,CONTROLLER,,,,LOGO,1,ATS,kits-export-2026-08-20 (3).xlsx
800A 4P WITHDRAWABLE MOTORIZED ACB-ATS KIT,CONTROLS,,,,CONTROLS & WIRING,1,ATS,kits-export-2026-08-20 (3).xlsx
1000A 4P WITHDRAWABLE MOTORIZED ACB-ATS KIT,ACB,,,,3WJ1110-2AE42-4DD0-Z F40+R55+T40,2,ATS,kits-export-2026-08-20 (3).xlsx
1000A 4P WITHDRAWABLE MOTORIZED ACB-ATS KIT,BUSBAR,,,,60X10MM,15,ATS,kits-export-2026-08-20 (3).xlsx
1000A 4P WITHDRAWABLE MOTORIZED ACB-ATS KIT,METERING,,,,LM1340,2,ATS,kits-export-2026-08-20 (3).xlsx
1000A 4P WITHDRAWABLE MOTORIZED ACB-ATS KIT,CT,,,,1000A/5,6,ATS,kits-export-2026-08-20 (3).xlsx
1000A 4P WITHDRAWABLE MOTORIZED ACB-ATS KIT,CONTROLLER,,,,LOGO,1,ATS,kits-export-2026-08-20 (3).xlsx
1000A 4P WITHDRAWABLE MOTORIZED ACB-ATS KIT,CONTROLS,,,,CONTROLS & WIRING,1,ATS,kits-export-2026-08-20 (3).xlsx
1250A 4P WITHDRAWABLE MOTORIZED ACB-ATS KIT,ACB,,,,3WJ1112-2AE42-4DD0-Z F40+R55+T40,2,ATS,kits-export-2026-08-20 (3).xlsx
1250A 4P WITHDRAWABLE MOTORIZED ACB-ATS KIT,BUSBAR,,,,40X10MM,29,ATS,kits-export-2026-08-20 (3).xlsx
1250A 4P WITHDRAWABLE MOTORIZED ACB-ATS KIT,METERING,,,,LM1340,2,ATS,kits-export-2026-08-20 (3).xlsx
1250A 4P WITHDRAWABLE MOTORIZED ACB-ATS KIT,CT,,,,1000A/5,6,ATS,kits-export-2026-08-20 (3).xlsx
1250A 4P WITHDRAWABLE MOTORIZED ACB-ATS KIT,CONTROLLER,,,,LOGO,1,ATS,kits-export-2026-08-20 (3).xlsx
1250A 4P WITHDRAWABLE MOTORIZED ACB-ATS KIT,CONTROLS,,,,CONTROLS & WIRING,1,ATS,kits-export-2026-08-20 (3).xlsx
1600A 4P WITHDRAWABLE MOTORIZED ACB-ATS KIT,ACB,,,,3WJ1116-2AE42-4DD0-Z F40+R55+T40,2,ATS,kits-export-2026-08-20 (3).xlsx
1600A 4P WITHDRAWABLE MOTORIZED ACB-ATS KIT,BUSBAR,,,,50X10MM,29,ATS,kits-export-2026-08-20 (3).xlsx
1600A 4P WITHDRAWABLE MOTORIZED ACB-ATS KIT,METERING,,,,LM1340,2,ATS,kits-export-2026-08-20 (3).xlsx
1600A 4P WITHDRAWABLE MOTORIZED ACB-ATS KIT,CT,,,,1600A/5,6,ATS,kits-export-2026-08-20 (3).xlsx
1600A 4P WITHDRAWABLE MOTORIZED ACB-ATS KIT,CONTROLLER,,,,LOGO,1,ATS,kits-export-2026-08-20 (3).xlsx
1600A 4P WITHDRAWABLE MOTORIZED ACB-ATS KIT,CONTROLS,,,,CONTROLS & WIRING,1,ATS,kits-export-2026-08-20 (3).xlsx
2000A 4P WITHDRAWABLE MOTORIZED ACB-ATS KIT,ACB,,,,3WJ1220-2AE42-4DD0-Z F40+R55+T40,2,ATS,kits-export-2026-08-20 (3).xlsx
2000A 4P WITHDRAWABLE MOTORIZED ACB-ATS KIT,BUSBAR,,,,50X10MM,58,ATS,kits-export-2026-08-20 (3).xlsx
2000A 4P WITHDRAWABLE MOTORIZED ACB-ATS KIT,METERING,,,,LM1340,2,ATS,kits-export-2026-08-20 (3).xlsx
2000A 4P WITHDRAWABLE MOTORIZED ACB-ATS KIT,CT,,,,2000A/5,6,ATS,kits-export-2026-08-20 (3).xlsx
2000A 4P WITHDRAWABLE MOTORIZED ACB-ATS KIT,CONTROLLER,,,,LOGO,1,ATS,kits-export-2026-08-20 (3).xlsx
2000A 4P WITHDRAWABLE MOTORIZED ACB-ATS KIT,CONTROLS,,,,CONTROLS & WIRING,1,ATS,kits-export-2026-08-20 (3).xlsx
2500A 4P WITHDRAWABLE MOTORIZED ACB-ATS KIT,ACB,,,,3WJ1225-2AE42-4DD0-Z F40+R55+T40,2,ATS,kits-export-2026-08-20 (3).xlsx
2500A 4P WITHDRAWABLE MOTORIZED ACB-ATS KIT,BUSBAR,,,,100X10MM,39,ATS,kits-export-2026-08-20 (3).xlsx
2500A 4P WITHDRAWABLE MOTORIZED ACB-ATS KIT,METERING,,,,LM1340,2,ATS,kits-export-2026-08-20 (3).xlsx
2500A 4P WITHDRAWABLE MOTORIZED ACB-ATS KIT,CT,,,,2000A/5,6,ATS,kits-export-2026-08-20 (3).xlsx
2500A 4P WITHDRAWABLE MOTORIZED ACB-ATS KIT,CONTROLLER,,,,LOGO,1,ATS,kits-export-2026-08-20 (3).xlsx
2500A 4P WITHDRAWABLE MOTORIZED ACB-ATS KIT,CONTROLS,,,,CONTROLS & WIRING,1,ATS,kits-export-2026-08-20 (3).xlsx
3200A 4P WITHDRAWABLE MOTORIZED ACB-ATS KIT,ACB,,,,3WJ1232-2AE42-4DD0-Z F40+R55+T40,2,ATS,kits-export-2026-08-20 (3).xlsx
3200A 4P WITHDRAWABLE MOTORIZED ACB-ATS KIT,BUSBAR,,,,100X10MM,58,ATS,kits-export-2026-08-20 (3).xlsx
3200A 4P WITHDRAWABLE MOTORIZED ACB-ATS KIT,METERING,,,,LM1340,2,ATS,kits-export-2026-08-20 (3).xlsx
3200A 4P WITHDRAWABLE MOTORIZED ACB-ATS KIT,CT,,,,3200A/5,6,ATS,kits-export-2026-08-20 (3).xlsx
3200A 4P WITHDRAWABLE MOTORIZED ACB-ATS KIT,CONTROLLER,,,,LOGO,1,ATS,kits-export-2026-08-20 (3).xlsx
3200A 4P WITHDRAWABLE MOTORIZED ACB-ATS KIT,CONTROLS,,,,CONTROLS & WIRING,1,ATS,kits-export-2026-08-20 (3).xlsx
4000A 4P WITHDRAWABLE MOTORIZED ACB-ATS KIT,ACB,,,,3WJ1240-2AE41-4DD0-Z F40+R55+T40,2,ATS,kits-export-2026-08-20 (3).xlsx
4000A 4P WITHDRAWABLE MOTORIZED ACB-ATS KIT,BUSBAR,,,,100X10MM,77,ATS,kits-export-2026-08-20 (3).xlsx
4000A 4P WITHDRAWABLE MOTORIZED ACB-ATS KIT,METERING,,,,LM1340,2,ATS,kits-export-2026-08-20 (3).xlsx
4000A 4P WITHDRAWABLE MOTORIZED ACB-ATS KIT,CT,,,,4000A/5,6,ATS,kits-export-2026-08-20 (3).xlsx
4000A 4P WITHDRAWABLE MOTORIZED ACB-ATS KIT,CONTROLLER,,,,LOGO,1,ATS,kits-export-2026-08-20 (3).xlsx
4000A 4P WITHDRAWABLE MOTORIZED ACB-ATS KIT,CONTROLS,,,,CONTROLS & WIRING,1,ATS,kits-export-2026-08-20 (3).xlsx
800A 4P WITHDRAWABLE MOTORIZED ACB-SYNC KIT,ACB,,,,3WJ1108-2AE42-4AD0,2,SYNCHRONIZATION,kits-export-2026-08-20 (3).xlsx
800A 4P WITHDRAWABLE MOTORIZED ACB-SYNC KIT,BUSBAR,,,,40X10MM,15,SYNCHRONIZATION,kits-export-2026-08-20 (3).xlsx
800A 4P WITHDRAWABLE MOTORIZED ACB-SYNC KIT,CONTROLLER,,,,DSE8610 MKII,2,SYNCHRONIZATION,kits-export-2026-08-20 (3).xlsx
800A 4P WITHDRAWABLE MOTORIZED ACB-SYNC KIT,CONTROLS,,,,CONTROLS & WIRING,2,SYNCHRONIZATION,kits-export-2026-08-20 (3).xlsx
800A 4P WITHDRAWABLE MOTORIZED ACB-SYNC KIT,CT,,,,800A/5,8,SYNCHRONIZATION,kits-export-2026-08-20 (3).xlsx
1000A 4P WITHDRAWABLE MOTORIZED ACB-SYNC KIT,ACB,,,,3WJ1110-2AE42-4AD0,2,SYNCHRONIZATION,kits-export-2026-08-20 (3).xlsx
1000A 4P WITHDRAWABLE MOTORIZED ACB-SYNC KIT,BUSBAR,,,,60X10MM,15,SYNCHRONIZATION,kits-export-2026-08-20 (3).xlsx
1000A 4P WITHDRAWABLE MOTORIZED ACB-SYNC KIT,CONTROLLER,,,,DSE8610 MKII,2,SYNCHRONIZATION,kits-export-2026-08-20 (3).xlsx
1000A 4P WITHDRAWABLE MOTORIZED ACB-SYNC KIT,CONTROLS,,,,CONTROLS & WIRING,2,SYNCHRONIZATION,kits-export-2026-08-20 (3).xlsx
1000A 4P WITHDRAWABLE MOTORIZED ACB-SYNC KIT,CT,,,,1000A/5,8,SYNCHRONIZATION,kits-export-2026-08-20 (3).xlsx
1250A 4P WITHDRAWABLE MOTORIZED ACB-SYNC KIT,ACB,,,,3WJ1112-2AE42-4AD0,2,SYNCHRONIZATION,kits-export-2026-08-20 (3).xlsx
1250A 4P WITHDRAWABLE MOTORIZED ACB-SYNC KIT,BUSBAR,,,,40X10MM,29,SYNCHRONIZATION,kits-export-2026-08-20 (3).xlsx
1250A 4P WITHDRAWABLE MOTORIZED ACB-SYNC KIT,CONTROLLER,,,,DSE8610 MKII,2,SYNCHRONIZATION,kits-export-2026-08-20 (3).xlsx
1250A 4P WITHDRAWABLE MOTORIZED ACB-SYNC KIT,CONTROLS,,,,CONTROLS & WIRING,2,SYNCHRONIZATION,kits-export-2026-08-20 (3).xlsx
1250A 4P WITHDRAWABLE MOTORIZED ACB-SYNC KIT,CT,,,,1250A/5,8,SYNCHRONIZATION,kits-export-2026-08-20 (3).xlsx
1600A 4P WITHDRAWABLE MOTORIZED ACB-SYNC KIT,ACB,,,,3WJ1116-2AE42-4AD0,2,SYNCHRONIZATION,kits-export-2026-08-20 (3).xlsx
1600A 4P WITHDRAWABLE MOTORIZED ACB-SYNC KIT,BUSBAR,,,,50X10MM,29,SYNCHRONIZATION,kits-export-2026-08-20 (3).xlsx
1600A 4P WITHDRAWABLE MOTORIZED ACB-SYNC KIT,CONTROLLER,,,,DSE8610 MKII,2,SYNCHRONIZATION,kits-export-2026-08-20 (3).xlsx
1600A 4P WITHDRAWABLE MOTORIZED ACB-SYNC KIT,CONTROLS,,,,CONTROLS & WIRING,2,SYNCHRONIZATION,kits-export-2026-08-20 (3).xlsx
1600A 4P WITHDRAWABLE MOTORIZED ACB-SYNC KIT,CT,,,,1600A/5,8,SYNCHRONIZATION,kits-export-2026-08-20 (3).xlsx
2000A 4P WITHDRAWABLE MOTORIZED ACB-SYNC KIT,ACB,,,,3WJ1220-2AE42-4AD0,2,SYNCHRONIZATION,kits-export-2026-08-20 (3).xlsx
2000A 4P WITHDRAWABLE MOTORIZED ACB-SYNC KIT,BUSBAR,,,,50X10MM,58,SYNCHRONIZATION,kits-export-2026-08-20 (3).xlsx
2000A 4P WITHDRAWABLE MOTORIZED ACB-SYNC KIT,CONTROLLER,,,,DSE8610 MKII,2,SYNCHRONIZATION,kits-export-2026-08-20 (3).xlsx
2000A 4P WITHDRAWABLE MOTORIZED ACB-SYNC KIT,CONTROLS,,,,CONTROLS & WIRING,2,SYNCHRONIZATION,kits-export-2026-08-20 (3).xlsx
2000A 4P WITHDRAWABLE MOTORIZED ACB-SYNC KIT,CT,,,,2000A/5,8,SYNCHRONIZATION,kits-export-2026-08-20 (3).xlsx
2500A 4P WITHDRAWABLE MOTORIZED ACB-SYNC KIT,ACB,,,,3WJ1225-2AE42-4AD0,2,SYNCHRONIZATION,kits-export-2026-08-20 (3).xlsx
2500A 4P WITHDRAWABLE MOTORIZED ACB-SYNC KIT,BUSBAR,,,,100X10MM,39,SYNCHRONIZATION,kits-export-2026-08-20 (3).xlsx
2500A 4P WITHDRAWABLE MOTORIZED ACB-SYNC KIT,CONTROLLER,,,,DSE8610 MKII,2,SYNCHRONIZATION,kits-export-2026-08-20 (3).xlsx
2500A 4P WITHDRAWABLE MOTORIZED ACB-SYNC KIT,CONTROLS,,,,CONTROLS & WIRING,2,SYNCHRONIZATION,kits-export-2026-08-20 (3).xlsx
2500A 4P WITHDRAWABLE MOTORIZED ACB-SYNC KIT,CT,,,,2000A/5,8,SYNCHRONIZATION,kits-export-2026-08-20 (3).xlsx
3200A 4P WITHDRAWABLE MOTORIZED ACB-SYNC KIT,ACB,,,,3WJ1232-2AE42-4AD0,2,SYNCHRONIZATION,kits-export-2026-08-20 (3).xlsx
3200A 4P WITHDRAWABLE MOTORIZED ACB-SYNC KIT,BUSBAR,,,,100X10MM,58,SYNCHRONIZATION,kits-export-2026-08-20 (3).xlsx
3200A 4P WITHDRAWABLE MOTORIZED ACB-SYNC KIT,CONTROLLER,,,,DSE8610 MKII,2,SYNCHRONIZATION,kits-export-2026-08-20 (3).xlsx
3200A 4P WITHDRAWABLE MOTORIZED ACB-SYNC KIT,CONTROLS,,,,CONTROLS & WIRING,2,SYNCHRONIZATION,kits-export-2026-08-20 (3).xlsx
3200A 4P WITHDRAWABLE MOTORIZED ACB-SYNC KIT,CT,,,,3200A/5,8,SYNCHRONIZATION,kits-export-2026-08-20 (3).xlsx
4000A 4P WITHDRAWABLE MOTORIZED ACB-SYNC KIT,ACB,,,,3WJ1240-2AE41-4AD0,2,SYNCHRONIZATION,kits-export-2026-08-20 (3).xlsx
4000A 4P WITHDRAWABLE MOTORIZED ACB-SYNC KIT,BUSBAR,,,,100X10MM,77,SYNCHRONIZATION,kits-export-2026-08-20 (3).xlsx
4000A 4P WITHDRAWABLE MOTORIZED ACB-SYNC KIT,CONTROLLER,,,,DSE8610 MKII,2,SYNCHRONIZATION,kits-export-2026-08-20 (3).xlsx
4000A 4P WITHDRAWABLE MOTORIZED ACB-SYNC KIT,CONTROLS,,,,CONTROLS & WIRING,2,SYNCHRONIZATION,kits-export-2026-08-20 (3).xlsx
4000A 4P WITHDRAWABLE MOTORIZED ACB-SYNC KIT,CT,,,,4000A/5,8,SYNCHRONIZATION,kits-export-2026-08-20 (3).xlsx
SPD TYPE 1+2-KIT,SPD,,,,EBS2U,1,ACCESSORIES,kits-export-2026-08-20 (3).xlsx
SPD TYPE 1+2-KIT,SPD,,,,RT18-125/RO17,1,ACCESSORIES,kits-export-2026-08-20 (3).xlsx
SPD TYPE 2-KIT,SPD,,,,EBS2U385V/20/65KA,1,ACCESSORIES,kits-export-2026-08-20 (3).xlsx
SPD TYPE 2-KIT,SPD,,,,RT18-63/RO16,1,ACCESSORIES,kits-export-2026-08-20 (3).xlsx
INDICATOR KIT,LED,,,,3SB5285-6HC03,1,ACCESSORIES,kits-export-2026-08-20 (3).xlsx
INDICATOR KIT,LED,,,,3SB5285-6HD03,1,ACCESSORIES,kits-export-2026-08-20 (3).xlsx
INDICATOR KIT,LED,,,,3SB5285-6HF03,1,ACCESSORIES,kits-export-2026-08-20 (3).xlsx
INDICATOR KIT,MCB,,,,5TJ6106-7,3,ACCESSORIES,kits-export-2026-08-20 (3).xlsx
50KVAR APFC-FUSE KIT,APFC,,,,ZJE500TP480V,1,APFC BANK,kits-export-2026-08-20 APFC BANK.xlsx
50KVAR APFC-FUSE KIT,APFC,,,,CSTC1D50K12U5,1,APFC BANK,kits-export-2026-08-20 APFC BANK.xlsx
50KVAR APFC-FUSE KIT,APFC,,,,CSCDFL00125,3,APFC BANK,kits-export-2026-08-20 APFC BANK.xlsx
50KVAR APFC-FUSE KIT,APFC,,,,DNTRS-160/3,1,APFC BANK,kits-export-2026-08-20 APFC BANK.xlsx
50KVAR APFC-FUSE KIT,APFC,,,,DN01479,1,APFC BANK,kits-export-2026-08-20 APFC BANK.xlsx
50KVAR APFC-FUSE KIT,CABLE,,,,35SQMM,6.5,APFC BANK,kits-export-2026-08-20 APFC BANK.xlsx
25KVAR APFC-FUSE KIT,APFC,,,,ZJE250TP480V,1,APFC BANK,kits-export-2026-08-20 APFC BANK.xlsx
25KVAR APFC-FUSE KIT,APFC,,,,TC1D25K11U5,1,APFC BANK,kits-export-2026-08-20 APFC BANK.xlsx
25KVAR APFC-FUSE KIT,APFC,,,,NH00-50A,3,APFC BANK,kits-export-2026-08-20 APFC BANK.xlsx
25KVAR APFC-FUSE KIT,APFC,,,,DNTRS-160/3,1,APFC BANK,kits-export-2026-08-20 APFC BANK.xlsx
25KVAR APFC-FUSE KIT,APFC,,,,DN01479,1,APFC BANK,kits-export-2026-08-20 APFC BANK.xlsx
25KVAR APFC-FUSE KIT,CABLE,,,,16SQMM,6.5,APFC BANK,kits-export-2026-08-20 APFC BANK.xlsx
12.5KVAR APFC-FUSE KIT,APFC,,,,ZJE125TP480V,1,APFC BANK,kits-export-2026-08-20 APFC BANK.xlsx
12.5KVAR APFC-FUSE KIT,APFC,,,,CSTC1D16K11U5,1,APFC BANK,kits-export-2026-08-20 APFC BANK.xlsx
12.5KVAR APFC-FUSE KIT,APFC,,,,NH00-32A,3,APFC BANK,kits-export-2026-08-20 APFC BANK.xlsx
12.5KVAR APFC-FUSE KIT,APFC,,,,DNTRS-160/3,1,APFC BANK,kits-export-2026-08-20 APFC BANK.xlsx
12.5KVAR APFC-FUSE KIT,APFC,,,,DN01479,1,APFC BANK,kits-export-2026-08-20 APFC BANK.xlsx
12.5KVAR APFC-FUSE KIT,CABLE,,,,16SQMM,6.5,APFC BANK,kits-export-2026-08-20 APFC BANK.xlsx
5KVAR APFC-FUSE KIT,APFC,,,,ZJE005TP480V,1,APFC BANK,kits-export-2026-08-20 APFC BANK.xlsx
5KVAR APFC-FUSE KIT,APFC,,,,CSTC1D05K10U5,1,APFC BANK,kits-export-2026-08-20 APFC BANK.xlsx
5KVAR APFC-FUSE KIT,APFC,,,,NH00-16A,3,APFC BANK,kits-export-2026-08-20 APFC BANK.xlsx
5KVAR APFC-FUSE KIT,APFC,,,,DNTRS-160/3,1,APFC BANK,kits-export-2026-08-20 APFC BANK.xlsx
5KVAR APFC-FUSE KIT,APFC,,,,DN01479,1,APFC BANK,kits-export-2026-08-20 APFC BANK.xlsx
5KVAR APFC-FUSE KIT,CABLE,,,,16SQMM,6.5,APFC BANK,kits-export-2026-08-20 APFC BANK.xlsx
2.5KVAR APFC-FUSE KIT,APFC,,,,ZJE025TP480V,1,APFC BANK,kits-export-2026-08-20 APFC BANK.xlsx
2.5KVAR APFC-FUSE KIT,APFC,,,,CSTC1D05K10U5,1,APFC BANK,kits-export-2026-08-20 APFC BANK.xlsx
2.5KVAR APFC-FUSE KIT,APFC,,,,NH00-16A,3,APFC BANK,kits-export-2026-08-20 APFC BANK.xlsx
2.5KVAR APFC-FUSE KIT,APFC,,,,DNTRS-160/3,1,APFC BANK,kits-export-2026-08-20 APFC BANK.xlsx
2.5KVAR APFC-FUSE KIT,APFC,,,,DN01479,1,APFC BANK,kits-export-2026-08-20 APFC BANK.xlsx
2.5KVAR APFC-FUSE KIT,CABLE,,,,16SQMM,6.5,APFC BANK,kits-export-2026-08-20 APFC BANK.xlsx
50KVAR APFC-BREAKER KIT,APFC,,,,ZJE500TP480V,1,APFC BANK,kits-export-2026-08-20 APFC BANK.xlsx
50KVAR APFC-BREAKER KIT,APFC,,,,CSTC1D50K12U5,1,APFC BANK,kits-export-2026-08-20 APFC BANK.xlsx
50KVAR APFC-BREAKER KIT,MCCB,,,,CSESL125FMU125A3P,1,APFC BANK,kits-export-2026-08-20 APFC BANK.xlsx
50KVAR APFC-BREAKER KIT,CABLE,,,,35SQMM,6.5,APFC BANK,kits-export-2026-08-20 APFC BANK.xlsx
25KVAR APFC-BREAKER KIT,APFC,,,,ZJE250TP480V,1,APFC BANK,kits-export-2026-08-20 APFC BANK.xlsx
25KVAR APFC-BREAKER KIT,APFC,,,,TC1D25K11U5,1,APFC BANK,kits-export-2026-08-20 APFC BANK.xlsx
25KVAR APFC-BREAKER KIT,MCB,,,,5SJ43508RC,1,APFC BANK,kits-export-2026-08-20 APFC BANK.xlsx
25KVAR APFC-BREAKER KIT,CABLE,,,,16SQMM,6.5,APFC BANK,kits-export-2026-08-20 APFC BANK.xlsx
12.5KVAR APFC-BREAKER KIT,APFC,,,,ZJE125TP480V,1,APFC BANK,kits-export-2026-08-20 APFC BANK.xlsx
12.5KVAR APFC-BREAKER KIT,APFC,,,,CSTC1D16K11U5,1,APFC BANK,kits-export-2026-08-20 APFC BANK.xlsx
12.5KVAR APFC-BREAKER KIT,MCB,,,,5SY73328CC,1,APFC BANK,kits-export-2026-08-20 APFC BANK.xlsx
12.5KVAR APFC-BREAKER KIT,CABLE,,,,16SQMM,6.5,APFC BANK,kits-export-2026-08-20 APFC BANK.xlsx
5KVAR APFC-BREAKER KIT,APFC,,,,ZJE005TP480V,1,APFC BANK,kits-export-2026-08-20 APFC BANK.xlsx
5KVAR APFC-BREAKER KIT,APFC,,,,CSTC1D05K10U5,1,APFC BANK,kits-export-2026-08-20 APFC BANK.xlsx
5KVAR APFC-BREAKER KIT,MCB,,,,5SY7310-8CC,1,APFC BANK,kits-export-2026-08-20 APFC BANK.xlsx
5KVAR APFC-BREAKER KIT,CABLE,,,,16SQMM,6.5,APFC BANK,kits-export-2026-08-20 APFC BANK.xlsx
2.5KVAR APFC-BREAKER KIT,APFC,,,,ZJE025TP480V,1,APFC BANK,kits-export-2026-08-20 APFC BANK.xlsx
2.5KVAR APFC-BREAKER KIT,APFC,,,,CSTC1D05K10U5,1,APFC BANK,kits-export-2026-08-20 APFC BANK.xlsx
2.5KVAR APFC-BREAKER KIT,MCB,,,,5SY7310-8CC,1,APFC BANK,kits-export-2026-08-20 APFC BANK.xlsx
2.5KVAR APFC-BREAKER KIT,CABLE,,,,16SQMM,6.5,APFC BANK,kits-export-2026-08-20 APFC BANK.xlsx
STANDARD METERBOARD-SINGLE PHASE,ISOLATOR,,,,5TE39137Y,1,METERBOARD,kits-export-2026-08-20 APFC BANK.xlsx
STANDARD METERBOARD-SINGLE PHASE,MCB,,,,5SL6263-7RC,1,METERBOARD,kits-export-2026-08-20 APFC BANK.xlsx
STANDARD METERBOARD-SINGLE PHASE,CABLE,,,,16SQMM,8,METERBOARD,kits-export-2026-08-20 APFC BANK.xlsx
STANDARD METERBOARD-THREE PHASE-63A,MCCB,,,,3VJ1006-3DB32-0AA0,2,METERBOARD,kits-export-2026-08-20 APFC BANK.xlsx
STANDARD METERBOARD-THREE PHASE-63A,CABLE,,,,16SQMM,8,METERBOARD,kits-export-2026-08-20 APFC BANK.xlsx
STANDARD METERBOARD-THREE PHASE-80A,MCCB,,,,3VJ1008-3DB32-0AA0,2,METERBOARD,kits-export-2026-08-20 APFC BANK.xlsx
STANDARD METERBOARD-THREE PHASE-80A,CABLE,,,,25SQMM,8,METERBOARD,kits-export-2026-08-20 APFC BANK.xlsx
STANDARD METERBOARD-THREE PHASE-100A,MCCB,,,,3VJ1010-3DB32-0AA0,2,METERBOARD,kits-export-2026-08-20 APFC BANK.xlsx
STANDARD METERBOARD-THREE PHASE-100A,CABLE,,,,25SQMM,8,METERBOARD,kits-export-2026-08-20 APFC BANK.xlsx
STANDARD METERBOARD-THREE PHASE-125A,MCCB,,,,3VJ1012-3DB32-0AA0,2,METERBOARD,kits-export-2026-08-20 APFC BANK.xlsx
STANDARD METERBOARD-THREE PHASE-125A,CABLE,,,,25SQMM,8,METERBOARD,kits-export-2026-08-20 APFC BANK.xlsx
STANDARD METERBOARD-THREE PHASE-160A,MCCB,,,,3VJ1216-3DB32-0AA0,2,METERBOARD,kits-export-2026-08-20 APFC BANK.xlsx
STANDARD METERBOARD-THREE PHASE-160A,CABLE,,,,50SQMM,8,METERBOARD,kits-export-2026-08-20 APFC BANK.xlsx
STANDARD METERBOARD-SINGLE PHASE-ATS,ISOLATOR,,,,5TE39137Y,1,METERBOARD-WITH ATS,kits-export-2026-08-20 APFC BANK.xlsx
STANDARD METERBOARD-SINGLE PHASE-ATS,MCB,,,,5SL6263-7RC,2,METERBOARD-WITH ATS,kits-export-2026-08-20 APFC BANK.xlsx
STANDARD METERBOARD-SINGLE PHASE-ATS,CONTACTOR,,,,CSTC1D40008U5,1,METERBOARD-WITH ATS,kits-export-2026-08-20 APFC BANK.xlsx
STANDARD METERBOARD-SINGLE PHASE-ATS,CABLE,,,,16SQMM,16,METERBOARD-WITH ATS,kits-export-2026-08-20 APFC BANK.xlsx
STANDARD METERBOARD-THREE PHASE-63A-ATS,MCCB,,,,3VJ1006-3DB32-0AA0,3,METERBOARD-WITH ATS,kits-export-2026-08-20 APFC BANK.xlsx
STANDARD METERBOARD-THREE PHASE-63A-ATS,CONTACTOR,,,,CSTC1D40004U5,2,METERBOARD-WITH ATS,kits-export-2026-08-20 APFC BANK.xlsx
STANDARD METERBOARD-THREE PHASE-63A-ATS,CONTACTOR ACCESSORIES,,,,LA9D50978X,1,METERBOARD-WITH ATS,kits-export-2026-08-20 APFC BANK.xlsx
STANDARD METERBOARD-THREE PHASE-63A-ATS,CABLE,,,,16SQMM,16,METERBOARD-WITH ATS,kits-export-2026-08-20 APFC BANK.xlsx
STANDARD METERBOARD-THREE PHASE-80A-ATS,MCCB,,,,3VJ1008-3DB32-0AA0,2,METERBOARD-WITH ATS,kits-export-2026-08-20 APFC BANK.xlsx
STANDARD METERBOARD-THREE PHASE-80A-ATS,CONTACTOR,,,,TC1D80004U5,2,METERBOARD-WITH ATS,kits-export-2026-08-20 APFC BANK.xlsx
STANDARD METERBOARD-THREE PHASE-80A-ATS,CONTACTOR ACCESSORIES,,,,LA9D50978X,1,METERBOARD-WITH ATS,kits-export-2026-08-20 APFC BANK.xlsx
STANDARD METERBOARD-THREE PHASE-80A-ATS,CABLE,,,,25SQMM,16,METERBOARD-WITH ATS,kits-export-2026-08-20 APFC BANK.xlsx
STANDARD METERBOARD-THREE PHASE-100A-ATS,MCCB,,,,3VJ1010-3DB32-0AA0,2,METERBOARD-WITH ATS,kits-export-2026-08-20 APFC BANK.xlsx
STANDARD METERBOARD-THREE PHASE-100A-ATS,CONTACTOR,,,,TC1D80004U5,2,METERBOARD-WITH ATS,kits-export-2026-08-20 APFC BANK.xlsx
STANDARD METERBOARD-THREE PHASE-100A-ATS,CONTACTOR ACCESSORIES,,,,LA9D50978X,1,METERBOARD-WITH ATS,kits-export-2026-08-20 APFC BANK.xlsx
STANDARD METERBOARD-THREE PHASE-100A-ATS,CABLE,,,,25SQMM,16,METERBOARD-WITH ATS,kits-export-2026-08-20 APFC BANK.xlsx
STANDARD METERBOARD-THREE PHASE-125A-ATS,MCCB,,,,3VJ1012-3DB32-0AA0,2,METERBOARD-WITH ATS,kits-export-2026-08-20 APFC BANK.xlsx
STANDARD METERBOARD-THREE PHASE-125A-ATS,CONTACTOR,,,,TC1D80004U5,2,METERBOARD-WITH ATS,kits-export-2026-08-20 APFC BANK.xlsx
STANDARD METERBOARD-THREE PHASE-125A-ATS,CONTACTOR ACCESSORIES,,,,LA9D50978X,1,METERBOARD-WITH ATS,kits-export-2026-08-20 APFC BANK.xlsx
STANDARD METERBOARD-THREE PHASE-125A-ATS,CABLE,,,,25SQMM,16,METERBOARD-WITH ATS,kits-export-2026-08-20 APFC BANK.xlsx
STANDARD METERBOARD-THREE PHASE-160A-ATS,MCCB,,,,3VJ1216-3DB32-0AA0,2,METERBOARD-WITH ATS,kits-export-2026-08-20 APFC BANK.xlsx
STANDARD METERBOARD-THREE PHASE-160A-ATS,CONTACTOR,,,,LC1FDP1154AU5,2,METERBOARD-WITH ATS,kits-export-2026-08-20 APFC BANK.xlsx
STANDARD METERBOARD-THREE PHASE-160A-ATS,CONTACTOR ACCESSORIES,,,,CSLA9FF970XXX,1,METERBOARD-WITH ATS,kits-export-2026-08-20 APFC BANK.xlsx
STANDARD METERBOARD-THREE PHASE-160A-ATS,CABLE,,,,50SQMM,16,METERBOARD-WITH ATS,kits-export-2026-08-20 APFC BANK.xlsx
1250A 3P MF WITH MIRCROPRO4.1 RELAY WM2 ACB-KIT,ACB,1,,,WX12N3PMFA (S),1,ACB,kits-export-C&S PORTFILIO.xlsx
1250A 3P MF WITH MIRCROPRO4.1 RELAY WM2 ACB-KIT,BUSBAR,,,,40X10MM,15,ACB,kits-export-C&S PORTFILIO.xlsx
1250A 4P EDO WITH MIRCROPRO4.1 RELAY WM2 ACB-KIT,ACB,1,,,WX12N4PEDOA (S),1,ACB,kits-export-C&S PORTFILIO.xlsx
1250A 4P EDO WITH MIRCROPRO4.1 RELAY WM2 ACB-KIT,BUSBAR,,,,40X10MM,15,ACB,kits-export-C&S PORTFILIO.xlsx
1600A 4P EDO WITH MIRCROPRO4.1 RELAY WM2 ACB-KIT,ACB,1,,,WX16N4PEDOA (S),1,ACB,kits-export-C&S PORTFILIO.xlsx
1600A 4P EDO WITH MIRCROPRO4.1 RELAY WM2 ACB-KIT,BUSBAR,,,,50X10MM,15,ACB,kits-export-C&S PORTFILIO.xlsx
2000A 3P EDO WITH MIRCROPRO4.1 RELAY WM2 ACB-KIT,ACB,1,,,WX20N3PEDOA (S),1,ACB,kits-export-C&S PORTFILIO.xlsx
2000A 3P EDO WITH MIRCROPRO4.1 RELAY WM2 ACB-KIT,BUSBAR,,,,50X10MM,22,ACB,kits-export-C&S PORTFILIO.xlsx
2000A 3P MF WITH MIRCROPRO4.1 RELAY WM2 ACB-KIT,ACB,1,,,WX20N3PMFA (S),1,ACB,kits-export-C&S PORTFILIO.xlsx
2000A 3P MF WITH MIRCROPRO4.1 RELAY WM2 ACB-KIT,BUSBAR,,,,50X10MM,22,ACB,kits-export-C&S PORTFILIO.xlsx
2000A 4P EDO WITH MIRCROPRO4.1 RELAY WM2 ACB-KIT,ACB,1,,,WX20N4PEDOA (S),1,ACB,kits-export-C&S PORTFILIO.xlsx
2000A 4P EDO WITH MIRCROPRO4.1 RELAY WM2 ACB-KIT,BUSBAR,,,,50X10MM,22,ACB,kits-export-C&S PORTFILIO.xlsx
3200A 4P EDO WITH MIRCROPRO4.1 RELAY WM3 ACB-KIT,ACB,1,,,WX332H4P2EDOB (S),1,ACB,kits-export-C&S PORTFILIO.xlsx
3200A 4P EDO WITH MIRCROPRO4.1 RELAY WM3 ACB-KIT,BUSBAR,,,,100X10MM,29,ACB,kits-export-C&S PORTFILIO.xlsx
3200A 3P MF WITH MIRCROPRO4.1 RELAY WM3 ACB-KIT,ACB,1,,,WX332H3P2MFA (S),1,ACB,kits-export-C&S PORTFILIO.xlsx
3200A 3P MF WITH MIRCROPRO4.1 RELAY WM3 ACB-KIT,BUSBAR,,,,100X10MM,29,ACB,kits-export-C&S PORTFILIO.xlsx
800A TP MCCB Adj Thermal Adj Mag.Trip Unit 65KA-KIT,MCCB,,,,CS800NATU800A3P,1,MCCB,kits-export-C&S PORTFILIO.xlsx
800A TP MCCB Adj Thermal Adj Mag.Trip Unit 65KA-KIT,BUSBAR,,,,40X10MM,6.5,MCCB,kits-export-C&S PORTFILIO.xlsx
630A TP Adj Therm Mag MCCB 630AF 36KA-KIT,MCCB,,,,CSE4NN630ATM3P-630A,1,MCCB,kits-export-C&S PORTFILIO.xlsx
630A TP Adj Therm Mag MCCB 630AF 36KA-KIT,BUSBAR,,,,30X10MM,5,MCCB,kits-export-C&S PORTFILIO.xlsx
630A TP Adj Therm Mag MCCB 630AF 65KA-KIT,MCCB,,,,CS630NATU6303,1,MCCB,kits-export-C&S PORTFILIO.xlsx
630A TP Adj Therm Mag MCCB 630AF 65KA-KIT,BUSBAR,,,,30X10MM,5,MCCB,kits-export-C&S PORTFILIO.xlsx
500A TP Adj Therm Adj. Mag MCCB 630AF 36KA-KIT,MCCB,,,,CSE4NN630ATM3P-500A,1,MCCB,kits-export-C&S PORTFILIO.xlsx
500A TP Adj Therm Adj. Mag MCCB 630AF 36KA-KIT,BUSBAR,,,,30X10MM,5,MCCB,kits-export-C&S PORTFILIO.xlsx
400A 4P ADJ Therm Adj Mag MCCB 36KA-KIT,MCCB,,,,CSE3NN400ATM4P-400A,1,MCCB,kits-export-C&S PORTFILIO.xlsx
400A 4P ADJ Therm Adj Mag MCCB 36KA-KIT,BUSBAR,,,,40X5MM,5,MCCB,kits-export-C&S PORTFILIO.xlsx
400A FP Adj. Therm. Mag MCCB 25KA-KIT,MCCB,,,,CSE3M400ATM4P-400A,1,MCCB,kits-export-C&S PORTFILIO.xlsx
400A FP Adj. Therm. Mag MCCB 25KA-KIT,BUSBAR,,,,40X5MM,5,MCCB,kits-export-C&S PORTFILIO.xlsx
400A FP Adj. Therm. Mag MCCB 65KA-KIT,MCCB,,,,CS400NATU4004,1,MCCB,kits-export-C&S PORTFILIO.xlsx
400A FP Adj. Therm. Mag MCCB 65KA-KIT,BUSBAR,,,,40X5MM,5,MCCB,kits-export-C&S PORTFILIO.xlsx
400A TP Adj Therm Adj Mag MCCB 25KA-KIT,MCCB,,,,CSE3M400ATM3P-400A,1,MCCB,kits-export-C&S PORTFILIO.xlsx
250A 4P ADJ Therm Adj Mag MCCB 25KA-kit,MCCB,,,,CSE2M250ATM4P-250A,1,MCCB,kits-export-C&S PORTFILIO.xlsx
250A 4P ADJ Therm Adj Mag MCCB 25KA-kit,CABLE,,,,95SQMM,3,MCCB,kits-export-C&S PORTFILIO.xlsx
250A TP Adj Therm Adj Mag MCCB 25kA-KIT,MCCB,,,,CSE2M250ATM3P-250A,1,MCCB,kits-export-C&S PORTFILIO.xlsx
250A TP Adj Therm Adj Mag MCCB 25kA-KIT,CABLE,,,,95SQMM,3,MCCB,kits-export-C&S PORTFILIO.xlsx
200A 4P ADJ Therm Adj Mag MCCB 25KA-KIT,MCCB,,,,CSE2M250ATM4P-200A,1,MCCB,kits-export-C&S PORTFILIO.xlsx
200A 4P ADJ Therm Adj Mag MCCB 25KA-KIT,CABLE,,,,70SQMM,3,MCCB,kits-export-C&S PORTFILIO.xlsx
200A TP Adj Therm Adj Mag MCCB 25KA-KIT,MCCB,,,,CSE2M250ATM3P-200A,1,MCCB,kits-export-C&S PORTFILIO.xlsx
200A TP Adj Therm Adj Mag MCCB 25KA-KIT,CABLE,,,,70SQMM,3,MCCB,kits-export-C&S PORTFILIO.xlsx
160A 4P ADJ Therm Adj Mag MCCB 25KA-KIT,MCCB,,,,CSE2M250ATM4P-160A,1,MCCB,kits-export-C&S PORTFILIO.xlsx
160A 4P ADJ Therm Adj Mag MCCB 25KA-KIT,CABLE,,,,50SQMM,3,MCCB,kits-export-C&S PORTFILIO.xlsx
160A TP Adj Therm Adj Mag MCCB 25KA-KIT,MCCB,,,,CSE2M250ATM3P-160A.,1,MCCB,kits-export-C&S PORTFILIO.xlsx
160A TP Adj Therm Adj Mag MCCB 25KA-KIT,CABLE,,,,50SQMM,3,MCCB,kits-export-C&S PORTFILIO.xlsx
125A TP Adj Therm Fix Mag MCCB 125AF 18KA-KIT,MCCB,,,,CSESL125FMU3P-125A,1,MCCB,kits-export-C&S PORTFILIO.xlsx
125A TP Adj Therm Fix Mag MCCB 125AF 18KA-KIT,CABLE,,,,35SQMM,2,MCCB,kits-export-C&S PORTFILIO.xlsx
100A 4P ADJ Therm Fix. Mag 18KA-KIT,MCCB,,,,CSESL125FMU4P-100A,1,MCCB,kits-export-C&S PORTFILIO.xlsx
100A 4P ADJ Therm Fix. Mag 18KA-KIT,CABLE,,,,25SQMM,2,MCCB,kits-export-C&S PORTFILIO.xlsx
100A TP Adj Therm Fix Mag MCCB 125AF 18KA-KIT,MCCB,,,,CSESL125FMU3P-100A,1,MCCB,kits-export-C&S PORTFILIO.xlsx
100A TP Adj Therm Fix Mag MCCB 125AF 18KA-KIT,CABLE,,,,25SQMM,2,MCCB,kits-export-C&S PORTFILIO.xlsx
80A TP Adj Therm Fix Mag MCCB 125AF 18KA-KIT,MCCB,,,,CSESL125FMU3P-80A,1,MCCB,kits-export-C&S PORTFILIO.xlsx
80A TP Adj Therm Fix Mag MCCB 125AF 18KA-KIT,CABLE,,,,25SQMM,2,MCCB,kits-export-C&S PORTFILIO.xlsx
63A 4P ADJ Therm Fix. Mag 18KA-KIT,MCCB,,,,CSESL125FMU4P-63A,1,MCCB,kits-export-C&S PORTFILIO.xlsx
63A 4P ADJ Therm Fix. Mag 18KA-KIT,CABLE,,,,16SQMM,2,MCCB,kits-export-C&S PORTFILIO.xlsx
60A TP Adj Therm Fix Mag MCCB 125AF 18KA-KIT,MCCB,,,,CSESL125FMU3P-63A,1,MCCB,kits-export-C&S PORTFILIO.xlsx
60A TP Adj Therm Fix Mag MCCB 125AF 18KA-KIT,CABLE,,,,16SQMM,2,MCCB,kits-export-C&S PORTFILIO.xlsx
63A FP MCB 10KA 'C' Curve-KIT,MCB,,,,CSMBS4C63KA10,1,MCB,kits-export-C&S PORTFILIO.xlsx
63A FP MCB 10KA 'C' Curve-KIT,CABLE,,,,16SQMM,2,MCB,kits-export-C&S PORTFILIO.xlsx
63A TP MCB 10KA 'C' Curve-KIT,MCB,,,,CSMBS3C63,1,MCB,kits-export-C&S PORTFILIO.xlsx
63A TP MCB 10KA 'C' Curve-KIT,CABLE,,,,16SQMM,2,MCB,kits-export-C&S PORTFILIO.xlsx
63A SP MCB 10KA 'D' Curve-KIT,MCB,,,,CSMB1D63KA10X,1,MCB,kits-export-C&S PORTFILIO.xlsx
63A SP MCB 10KA 'D' Curve-KIT,CABLE,,,,16SQMM,1,MCB,kits-export-C&S PORTFILIO.xlsx
63A SP MCB 6KA 'C' Curve-KIT,MCB,,,,CSMBS1C63XKA6,1,MCB,kits-export-C&S PORTFILIO.xlsx
63A SP MCB 6KA 'C' Curve-KIT,CABLE,,,,16SQMM,1,MCB,kits-export-C&S PORTFILIO.xlsx
63A TP MCB Isolator-KIT,ISOLATOR,,,,CSMBS3ISO63X,1,ISOLATOR,kits-export-C&S PORTFILIO.xlsx
63A TP MCB Isolator-KIT,CABLE,,,,16SQMM,2,ISOLATOR,kits-export-C&S PORTFILIO.xlsx
40A DP ISOLATOR-KIT,ISOLATOR,,,,CSMBS2ISO40,1,ISOLATOR,kits-export-C&S PORTFILIO.xlsx
40A DP ISOLATOR-KIT,CABLE,,,,16SQMM,2,ISOLATOR,kits-export-C&S PORTFILIO.xlsx
40A DP MCB 10KA 'D' Curve-KIT,MCB,,,,CSMBS2D40KA10,1,MCB,kits-export-C&S PORTFILIO.xlsx
40A DP MCB 10KA 'D' Curve-KIT,CABLE,,,,16SQMM,2,MCB,kits-export-C&S PORTFILIO.xlsx
40A DP MCB 6KA 'C' Curve-KIT,MCB,,,,CSMBS2C40XKA6,1,MCB,kits-export-C&S PORTFILIO.xlsx
40A DP MCB 6KA 'C' Curve-KIT,CABLE,,,,16SQMM,2,MCB,kits-export-C&S PORTFILIO.xlsx
40A FP MCB 10KA 'C' Curve-KIT,MCB,,,,CSMBS4C40KA10,1,MCB,kits-export-C&S PORTFILIO.xlsx
40A FP MCB 10KA 'C' Curve-KIT,CABLE,,,,16SQMM,2,MCB,kits-export-C&S PORTFILIO.xlsx
40A SP MCB 6KA 'C' Curve-KIT,MCB,,,,CSMBS1C40XKA6,1,MCB,kits-export-C&S PORTFILIO.xlsx
40A SP MCB 6KA 'C' Curve-KIT,CABLE,,,,16SQMM,2,MCB,kits-export-C&S PORTFILIO.xlsx
40A TP MCB 10KA 'C' Curve-KIT,MCB,,,,CSMBS3C40,1,MCB,kits-export-C&S PORTFILIO.xlsx
40A TP MCB 10KA 'C' Curve-KIT,CABLE,,,,16SQMM,2,MCB,kits-export-C&S PORTFILIO.xlsx
32A DP MCB 10KA 'C' Curve-KIT,MCB,,,,CSMBS2C32KA10,1,MCB,kits-export-C&S PORTFILIO.xlsx
32A DP MCB 10KA 'C' Curve-KIT,CABLE,,,,16SQMM,2,MCB,kits-export-C&S PORTFILIO.xlsx
32A FP MCB 10KA 'C' Curve-KIT,MCB,,,,CSMBS4C32KA10,1,MCB,kits-export-C&S PORTFILIO.xlsx
32A FP MCB 10KA 'C' Curve-KIT,CABLE,,,,16SQMM,2,MCB,kits-export-C&S PORTFILIO.xlsx
32A SP MCB 6KA C Curve-KIT,MCB,,,,CSMBL1C32,1,MCB,kits-export-C&S PORTFILIO.xlsx
32A SP MCB 6KA C Curve-KIT,CABLE,,,,16SQMM,2,MCB,kits-export-C&S PORTFILIO.xlsx
32A TP MCB 10KA 'C' Curve-KIT,MCB,,,,CSMBS3C32KA10,1,MCB,kits-export-C&S PORTFILIO.xlsx
32A TP MCB 10KA 'C' Curve-KIT,CABLE,,,,16SQMM,2,MCB,kits-export-C&S PORTFILIO.xlsx
20A SP MCB 10KA 'D' CURVE-KIT,MCB,,,,CSMB1D20KA10X,1,MCB,kits-export-C&S PORTFILIO.xlsx
20A SP MCB 10KA 'D' CURVE-KIT,CABLE,,,,16SQMM,2,MCB,kits-export-C&S PORTFILIO.xlsx
20A SP MCB 6KA 'C' Curve-KIT,MCB,,,,CSMBS1C20XKA6,1,MCB,kits-export-C&S PORTFILIO.xlsx
20A SP MCB 6KA 'C' Curve-KIT,CABLE,,,,16SQMM,2,MCB,kits-export-C&S PORTFILIO.xlsx
20A TP MCB 10KA 'C' Curve-KIT,MCB,,,,CSMBS3C20KA10,1,MCB,kits-export-C&S PORTFILIO.xlsx
20A TP MCB 10KA 'C' Curve-KIT,CABLE,,,,16SQMM,2,MCB,kits-export-C&S PORTFILIO.xlsx
20A TP MCB 10KA 'D' Curve-KIT,MCB,,,,CSMBS3D20KA10,1,MCB,kits-export-C&S PORTFILIO.xlsx
20A TP MCB 10KA 'D' Curve-KIT,CABLE,,,,16SQMM,2,MCB,kits-export-C&S PORTFILIO.xlsx
16A SP MCB 10KA 'C' Curve-KIT,MCB,,,,CSMBS1C16KA10,1,MCB,kits-export-C&S PORTFILIO.xlsx
16A SP MCB 10KA 'C' Curve-KIT,CABLE,,,,16SQMM,2,MCB,kits-export-C&S PORTFILIO.xlsx
16A SP MCB 6KA 'C' Curve-KIT,MCB,,,,CSMBS1C16XKA6,1,MCB,kits-export-C&S PORTFILIO.xlsx
16A SP MCB 6KA 'C' Curve-KIT,CABLE,,,,16SQMM,2,MCB,kits-export-C&S PORTFILIO.xlsx
16A TP MCB 10KA 'C' Curve-KIT,MCB,,,,CSMBS3C16KA10,1,MCB,kits-export-C&S PORTFILIO.xlsx
16A TP MCB 10KA 'C' Curve-KIT,CABLE,,,,16SQMM,2,MCB,kits-export-C&S PORTFILIO.xlsx
16A TP MCB 10KA 'D' Curve-KIT,MCB,,,,CSMB3D16KA10X,1,MCB,kits-export-C&S PORTFILIO.xlsx
16A TP MCB 10KA 'D' Curve-KIT,CABLE,,,,16SQMM,2,MCB,kits-export-C&S PORTFILIO.xlsx
10A SP MCB 6KA C' Curve-KIT,MCB,,,,CSMBL1C10,1,MCB,kits-export-C&S PORTFILIO.xlsx
10A SP MCB 6KA C' Curve-KIT,CABLE,,,,16SQMM,2,MCB,kits-export-C&S PORTFILIO.xlsx
10A TP MCB 10KA 'C' Curve-KIT,MCB,,,,CSMBS3C10KA10,1,MCB,kits-export-C&S PORTFILIO.xlsx
10A TP MCB 10KA 'C' Curve-KIT,CABLE,,,,16SQMM,2,MCB,kits-export-C&S PORTFILIO.xlsx
3150A FP Onload C/O Switch W/Out Encl-KIT,ONLOAD CHANGEOVER,,,,CSCS3150P4COX,1,ONLOAD CHANGEOVER,kits-export-C&S PORTFILIO.xlsx
3150A FP Onload C/O Switch W/Out Encl-KIT,BUSBAR,,,,100X10MM,58,ONLOAD CHANGEOVER,kits-export-C&S PORTFILIO.xlsx
2500A FP Onload C/O Switch W/Out Encl-KIT,ONLOAD CHANGEOVER,,,,CSCS2500P4COX,1,ONLOAD CHANGEOVER,kits-export-C&S PORTFILIO.xlsx
2500A FP Onload C/O Switch W/Out Encl-KIT,BUSBAR,,,,100X10MM,39,ONLOAD CHANGEOVER,kits-export-C&S PORTFILIO.xlsx
2000A P4 FP Onload C/O Switch W/Out Encl-KIT,ONLOAD CHANGEOVER,,,,CSCS2000P4COX,1,ONLOAD CHANGEOVER,kits-export-C&S PORTFILIO.xlsx
2000A P4 FP Onload C/O Switch W/Out Encl-KIT,BUSBAR,,,,50X10MM,58,ONLOAD CHANGEOVER,kits-export-C&S PORTFILIO.xlsx
1800A FP Onload C/O Switch W/Out Encl-KIT,ONLOAD CHANGEOVER,,,,CSCS1800P4COX,1,ONLOAD CHANGEOVER,kits-export-C&S PORTFILIO.xlsx
1800A FP Onload C/O Switch W/Out Encl-KIT,BUSBAR,,,,50X10MM,58,ONLOAD CHANGEOVER,kits-export-C&S PORTFILIO.xlsx
1600A FP Onload C/O Switch W/Out Encl-KIT,ONLOAD CHANGEOVER,,,,CSCS1600P4COX,1,ONLOAD CHANGEOVER,kits-export-C&S PORTFILIO.xlsx
1600A FP Onload C/O Switch W/Out Encl-KIT,BUSBAR,,,,50X10MM,39,ONLOAD CHANGEOVER,kits-export-C&S PORTFILIO.xlsx
1250A FP Onload C/O Switch W/Out Encl-KIT,ONLOAD CHANGEOVER,,,,CSCS1250P4COX,1,ONLOAD CHANGEOVER,kits-export-C&S PORTFILIO.xlsx
1250A FP Onload C/O Switch W/Out Encl-KIT,BUSBAR,,,,40X10MM,39,ONLOAD CHANGEOVER,kits-export-C&S PORTFILIO.xlsx
1000A FP Onload C/O Switch W/Out Encl-KIT,ONLOAD CHANGEOVER,,,,CSCS1000P4COX,1,ONLOAD CHANGEOVER,kits-export-C&S PORTFILIO.xlsx
1000A FP Onload C/O Switch W/Out Encl-KIT,BUSBAR,,,,60X10MM,16,ONLOAD CHANGEOVER,kits-export-C&S PORTFILIO.xlsx
800A FP Onload C/O Switch W/Out Encl-KIT,ONLOAD CHANGEOVER,,,,CSCS800K4COXX,1,ONLOAD CHANGEOVER,kits-export-C&S PORTFILIO.xlsx
800A FP Onload C/O Switch W/Out Encl-KIT,BUSBAR,,,,40X10MM,16,ONLOAD CHANGEOVER,kits-export-C&S PORTFILIO.xlsx
630A FP Onload C/O Switch W/Out Encl-KIT,ONLOAD CHANGEOVER,,,,CSCS630K4COXX,1,ONLOAD CHANGEOVER,kits-export-C&S PORTFILIO.xlsx
630A FP Onload C/O Switch W/Out Encl-KIT,BUSBAR,,,,30X10MM,13,ONLOAD CHANGEOVER,kits-export-C&S PORTFILIO.xlsx
400A FP Onload C/O Switch W/Out Encl-KIT,ONLOAD CHANGEOVER,,,,CSCS400K4COXX,1,ONLOAD CHANGEOVER,kits-export-C&S PORTFILIO.xlsx
400A FP Onload C/O Switch W/Out Encl-KIT,BUSBAR,,,,20X10MM,13,ONLOAD CHANGEOVER,kits-export-C&S PORTFILIO.xlsx
250A FP C/O Switch W/Out Encl-KIT,ONLOAD CHANGEOVER,,,,CSCS250NM4COX,1,ONLOAD CHANGEOVER,kits-export-C&S PORTFILIO.xlsx
250A FP C/O Switch W/Out Encl-KIT,CABLE,,,,95SQMM,5,ONLOAD CHANGEOVER,kits-export-C&S PORTFILIO.xlsx
160A FP C/O Switch W/Out Encl-KIT,ONLOAD CHANGEOVER,,,,CSCS160NM4COX,1,ONLOAD CHANGEOVER,kits-export-C&S PORTFILIO.xlsx
160A FP C/O Switch W/Out Encl-KIT,CABLE,,,,50SQMM,5,ONLOAD CHANGEOVER,kits-export-C&S PORTFILIO.xlsx
100A FP C/O Switch W/Out Encl-KIT,ONLOAD CHANGEOVER,,,,CSCS100NM4COX,1,ONLOAD CHANGEOVER,kits-export-C&S PORTFILIO.xlsx
100A FP C/O Switch W/Out Encl-KIT,CABLE,,,,25SQMM,5,ONLOAD CHANGEOVER,kits-export-C&S PORTFILIO.xlsx
3150A TP Switch Disconnector (1+2)-KIT,SWITCH DISCONNECTOR,,,,CSSD3150P12XX,1,SWITCH DISCONNECTOR,kits-export-C&S PORTFILIO.xlsx
3150A TP Switch Disconnector (1+2)-KIT,BUSBAR,,,,100X10MM,22,SWITCH DISCONNECTOR,kits-export-C&S PORTFILIO.xlsx
2500A FP Switch Disconnector-KIT,SWITCH DISCONNECTOR,,,,CSSD2500P4XXX,1,SWITCH DISCONNECTOR,kits-export-C&S PORTFILIO.xlsx
2500A FP Switch Disconnector-KIT,BUSBAR,,,,100X10MM,15,SWITCH DISCONNECTOR,kits-export-C&S PORTFILIO.xlsx
2000A P4 TP Switch Disconnector-KIT,SWITCH DISCONNECTOR,,,,CSSD2000P4XXX,1,SWITCH DISCONNECTOR,kits-export-C&S PORTFILIO.xlsx
2000A P4 TP Switch Disconnector-KIT,BUSBAR,,,,50X10MM,22,SWITCH DISCONNECTOR,kits-export-C&S PORTFILIO.xlsx
1800A TP Switch Disconnector (1+2)-KIT,SWITCH DISCONNECTOR,,,,CSSD1800P12XX,1,SWITCH DISCONNECTOR,kits-export-C&S PORTFILIO.xlsx
1800A TP Switch Disconnector (1+2)-KIT,BUSBAR,,,,50X10MM,22,SWITCH DISCONNECTOR,kits-export-C&S PORTFILIO.xlsx
1600A TP Switch Disconnector-KIT,SWITCH DISCONNECTOR,,,,CSSD1600P3XXX,1,SWITCH DISCONNECTOR,kits-export-C&S PORTFILIO.xlsx
1600A TP Switch Disconnector-KIT,BUSBAR,,,,50X10MM,15,SWITCH DISCONNECTOR,kits-export-C&S PORTFILIO.xlsx
1250A TP Switch Disconnector-KIT,SWITCH DISCONNECTOR,,,,CSSD1250P3XXX,1,SWITCH DISCONNECTOR,kits-export-C&S PORTFILIO.xlsx
1250A TP Switch Disconnector-KIT,BUSBAR,,,,40X10MM,15,SWITCH DISCONNECTOR,kits-export-C&S PORTFILIO.xlsx
1000A TP Switch Disconnector-KIT,SWITCH DISCONNECTOR,,,,CSSD1000P3XXX,1,SWITCH DISCONNECTOR,kits-export-C&S PORTFILIO.xlsx
1000A TP Switch Disconnector-KIT,BUSBAR,,,,60X10MM,8,SWITCH DISCONNECTOR,kits-export-C&S PORTFILIO.xlsx
800A TP Switch Disconnector-KIT,SWITCH DISCONNECTOR,,,,CSSD800K3XXXX,1,SWITCH DISCONNECTOR,kits-export-C&S PORTFILIO.xlsx
800A TP Switch Disconnector-KIT,BUSBAR,,,,40X10MM,8,SWITCH DISCONNECTOR,kits-export-C&S PORTFILIO.xlsx
630A TP Switch Disconnector-KIT,SWITCH DISCONNECTOR,,,,CSSD630K3XXXX,1,SWITCH DISCONNECTOR,kits-export-C&S PORTFILIO.xlsx
630A TP Switch Disconnector-KIT,BUSBAR,,,,30X10MM,5,SWITCH DISCONNECTOR,kits-export-C&S PORTFILIO.xlsx
400A TP Switch Disconnector-KIT,SWITCH DISCONNECTOR,,,,CSSD400DM3XXX,1,SWITCH DISCONNECTOR,kits-export-C&S PORTFILIO.xlsx
400A TP Switch Disconnector-KIT,BUSBAR,,,,20X10MM,5,SWITCH DISCONNECTOR,kits-export-C&S PORTFILIO.xlsx
250A TP Switch Disconnector-KIT,SWITCH DISCONNECTOR,,,,CSSD250DM3XXX,1,SWITCH DISCONNECTOR,kits-export-C&S PORTFILIO.xlsx
250A TP Switch Disconnector-KIT,CABLE,,,,95SQMM,5,SWITCH DISCONNECTOR,kits-export-C&S PORTFILIO.xlsx
160A TP Switch Disconnector-KIT,SWITCH DISCONNECTOR,,,,CSSD160DM3XXX,1,SWITCH DISCONNECTOR,kits-export-C&S PORTFILIO.xlsx
160A TP Switch Disconnector-KIT,CABLE,,,,50SQMM,5,SWITCH DISCONNECTOR,kits-export-C&S PORTFILIO.xlsx
100A TP Switch Disconnector-KIT,SWITCH DISCONNECTOR,,,,CSSD100DM3XXX,1,SWITCH DISCONNECTOR,kits-export-C&S PORTFILIO.xlsx
100A TP Switch Disconnector-KIT,CABLE,,,,25SQMM,2,SWITCH DISCONNECTOR,kits-export-C&S PORTFILIO.xlsx
ATS 630A 4P Bottom Incomer & Top Outgoing-KIT,ATS SWITCH,,,,CATS5F630AB-E,1,ATS-SWITCH,kits-export-C&S PORTFILIO.xlsx
ATS 630A 4P Bottom Incomer & Top Outgoing-KIT,BUSBAR,,,,30X10MM,13,ATS-SWITCH,kits-export-C&S PORTFILIO.xlsx
ATS 400A 4P Bottom Incomer & Top Outgoing-KIT,ATS SWITCH,,,,CATS5F400AB-E,1,ATS-SWITCH,kits-export-C&S PORTFILIO.xlsx
ATS 400A 4P Bottom Incomer & Top Outgoing-KIT,BUSBAR,,,,20X10MM,13,ATS-SWITCH,kits-export-C&S PORTFILIO.xlsx
ATS 250A 4P Bottom Incomer & Top Outgoing-KIT,ATS SWITCH,,,,CATS5F250AB-E,1,ATS-SWITCH,kits-export-C&S PORTFILIO.xlsx
ATS 250A 4P Bottom Incomer & Top Outgoing-KIT,CABLE,,,,95SQMM,5,ATS-SWITCH,kits-export-C&S PORTFILIO.xlsx
25A 4P RCCB 10KA 300MA-KIT,RCCB,,,,CSRBS4P25A300-10KA,1,ATS-SWITCH,kits-export-C&S PORTFILIO.xlsx
25A 4P RCCB 10KA 300MA-KIT,CABLE,,,,16SQMM,2,ATS-SWITCH,kits-export-C&S PORTFILIO.xlsx
25A 4P RCCB 10KA 30MA-KIT,RCCB,,,,CSRBS4P25A30-10KA,1,ATS-SWITCH,kits-export-C&S PORTFILIO.xlsx
25A 4P RCCB 10KA 30MA-KIT,CABLE,,,,16SQMM,2,ATS-SWITCH,kits-export-C&S PORTFILIO.xlsx
40A 4P RCCB 10KA 300MA-KIT,RCCB,,,,CSRBS4P40A300-10KA,1,ATS-SWITCH,kits-export-C&S PORTFILIO.xlsx
40A 4P RCCB 10KA 300MA-KIT,CABLE,,,,16SQMM,2,ATS-SWITCH,kits-export-C&S PORTFILIO.xlsx
40A 4P RCCB 10KA 30MA-KIT,RCCB,,,,CSRBS4P40A30-10KA,1,ATS-SWITCH,kits-export-C&S PORTFILIO.xlsx
40A 4P RCCB 10KA 30MA-KIT,CABLE,,,,16SQMM,2,ATS-SWITCH,kits-export-C&S PORTFILIO.xlsx
63A 4P RCCB 10KA 300MA-KIT,RCCB,,,,CSRBS4P63A300-10KA,1,ATS-SWITCH,kits-export-C&S PORTFILIO.xlsx
63A 4P RCCB 10KA 300MA-KIT,CABLE,,,,16SQMM,2,ATS-SWITCH,kits-export-C&S PORTFILIO.xlsx
63A 4P RCCB 10KA 30MA-KIT,RCCB,,,,CSRBS4P63A30-10KA,1,ATS-SWITCH,kits-export-C&S PORTFILIO.xlsx
63A 4P RCCB 10KA 30MA-KIT,CABLE,,,,16SQMM,2,ATS-SWITCH,kits-export-C&S PORTFILIO.xlsx
16A DP RCBO 30mA-KIT,RCBO,,,,CSRCB02PC16A30-10KA,1,RCBO,kits-export-C&S PORTFILIO.xlsx
16A DP RCBO 30mA-KIT,CABLE,,,,16SQMM,2,RCBO,kits-export-C&S PORTFILIO.xlsx
25A DP RCBO 30mA-KIT,RCBO,,,,CSRCB02PC25A30-10KA,1,RCBO,kits-export-C&S PORTFILIO.xlsx
25A DP RCBO 30mA-KIT,CABLE,,,,16SQMM,2,RCBO,kits-export-C&S PORTFILIO.xlsx
"32A, 100mA 1P+N RCBO 10KA 'C' Curve Type AC-KIT",RCBO,,,,CSRCB02PC32A100-10KA,1,RCBO,kits-export-C&S PORTFILIO.xlsx
"32A, 100mA 1P+N RCBO 10KA 'C' Curve Type AC-KIT",CABLE,,,,16SQMM,2,RCBO,kits-export-C&S PORTFILIO.xlsx
3200A 4P EDO WITH MIRCROPRO4.1 RELAY WM3 ACB- C&S ATS KIT,ACB,,,,WX332H4P2EDOB (S),2,ATS,kits-export-C&S PORTFILIO.xlsx
3200A 4P EDO WITH MIRCROPRO4.1 RELAY WM3 ACB- C&S ATS KIT,BUSBAR,,,,100X10MM,58,ATS,kits-export-C&S PORTFILIO.xlsx
3200A 4P EDO WITH MIRCROPRO4.1 RELAY WM3 ACB- C&S ATS KIT,METERING,,,,LM1340,2,ATS,kits-export-C&S PORTFILIO.xlsx
3200A 4P EDO WITH MIRCROPRO4.1 RELAY WM3 ACB- C&S ATS KIT,CT,,,,3200A/5,6,ATS,kits-export-C&S PORTFILIO.xlsx
3200A 4P EDO WITH MIRCROPRO4.1 RELAY WM3 ACB- C&S ATS KIT,CONTROLLER,,,,LOGO,1,ATS,kits-export-C&S PORTFILIO.xlsx
3200A 4P EDO WITH MIRCROPRO4.1 RELAY WM3 ACB- C&S ATS KIT,CONTROLS,,,,CONTROLS & WIRING,1,ATS,kits-export-C&S PORTFILIO.xlsx
2000A 4P EDO WITH MIRCROPRO4.1 RELAY WM2 ACB-C&S ATS KIT,ACB,,,,WX20N4PEDOA (S),2,ATS,kits-export-C&S PORTFILIO.xlsx
2000A 4P EDO WITH MIRCROPRO4.1 RELAY WM2 ACB-C&S ATS KIT,BUSBAR,,,,50X10MM,58,ATS,kits-export-C&S PORTFILIO.xlsx
2000A 4P EDO WITH MIRCROPRO4.1 RELAY WM2 ACB-C&S ATS KIT,METERING,,,,LM1340,2,ATS,kits-export-C&S PORTFILIO.xlsx
2000A 4P EDO WITH MIRCROPRO4.1 RELAY WM2 ACB-C&S ATS KIT,CT,,,,2000A/5,6,ATS,kits-export-C&S PORTFILIO.xlsx
2000A 4P EDO WITH MIRCROPRO4.1 RELAY WM2 ACB-C&S ATS KIT,CONTROLLER,,,,LOGO,1,ATS,kits-export-C&S PORTFILIO.xlsx
2000A 4P EDO WITH MIRCROPRO4.1 RELAY WM2 ACB-C&S ATS KIT,CONTROLS,,,,CONTROLS & WIRING,1,ATS,kits-export-C&S PORTFILIO.xlsx
1600A 4P EDO WITH MIRCROPRO4.1 RELAY WM2-C&S ATS KIT,ACB,,,,WX16N4PEDOA (S),2,ATS,kits-export-C&S PORTFILIO.xlsx
1600A 4P EDO WITH MIRCROPRO4.1 RELAY WM2-C&S ATS KIT,BUSBAR,,,,50X10MM,30,ATS,kits-export-C&S PORTFILIO.xlsx
1600A 4P EDO WITH MIRCROPRO4.1 RELAY WM2-C&S ATS KIT,METERING,,,,LM1340,2,ATS,kits-export-C&S PORTFILIO.xlsx
1600A 4P EDO WITH MIRCROPRO4.1 RELAY WM2-C&S ATS KIT,CT,,,,1600A/5,6,ATS,kits-export-C&S PORTFILIO.xlsx
1600A 4P EDO WITH MIRCROPRO4.1 RELAY WM2-C&S ATS KIT,CONTROLLER,,,,LOGO,1,ATS,kits-export-C&S PORTFILIO.xlsx
1600A 4P EDO WITH MIRCROPRO4.1 RELAY WM2-C&S ATS KIT,CONTROLS,,,,CONTROLS & WIRING,1,ATS,kits-export-C&S PORTFILIO.xlsx
1250A 4P EDO WITH MIRCROPRO4.1 RELAY WM2 ACB-C&S ATS KIT,ACB,,,,WX12N4PEDOA (S),2,ATS,kits-export-C&S PORTFILIO.xlsx
1250A 4P EDO WITH MIRCROPRO4.1 RELAY WM2 ACB-C&S ATS KIT,BUSBAR,,,,40X10MM,30,ATS,kits-export-C&S PORTFILIO.xlsx
1250A 4P EDO WITH MIRCROPRO4.1 RELAY WM2 ACB-C&S ATS KIT,METERING,,,,LM1340,2,ATS,kits-export-C&S PORTFILIO.xlsx
1250A 4P EDO WITH MIRCROPRO4.1 RELAY WM2 ACB-C&S ATS KIT,CT,,,,1000A/5,6,ATS,kits-export-C&S PORTFILIO.xlsx
1250A 4P EDO WITH MIRCROPRO4.1 RELAY WM2 ACB-C&S ATS KIT,CONTROLLER,,,,LOGO,1,ATS,kits-export-C&S PORTFILIO.xlsx
1250A 4P EDO WITH MIRCROPRO4.1 RELAY WM2 ACB-C&S ATS KIT,CONTROLS,,,,CONTROLS & WIRING,1,ATS,kits-export-C&S PORTFILIO.xlsx
3200A 4P EDO WITH MIRCROPRO4.1 RELAY WM3 ACB-C&S SYNC KIT,ACB,,,,WX332H4P2EDOB (S),2,SYNCHRONIZATION,kits-export-C&S PORTFILIO.xlsx
3200A 4P EDO WITH MIRCROPRO4.1 RELAY WM3 ACB-C&S SYNC KIT,BUSBAR,,,,100X10MM,58,SYNCHRONIZATION,kits-export-C&S PORTFILIO.xlsx
3200A 4P EDO WITH MIRCROPRO4.1 RELAY WM3 ACB-C&S SYNC KIT,CONTROLLER,,,,DSE8610 MKII,2,SYNCHRONIZATION,kits-export-C&S PORTFILIO.xlsx
3200A 4P EDO WITH MIRCROPRO4.1 RELAY WM3 ACB-C&S SYNC KIT,CONTROLS,,,,CONTROLS & WIRING,2,SYNCHRONIZATION,kits-export-C&S PORTFILIO.xlsx
3200A 4P EDO WITH MIRCROPRO4.1 RELAY WM3 ACB-C&S SYNC KIT,CT,,,,3200A/5,8,SYNCHRONIZATION,kits-export-C&S PORTFILIO.xlsx
2000A 4P EDO WITH MIRCROPRO4.1 RELAY WM2 ACB-C&S SYNC KIT,ACB,,,,WX20N4PEDOA (S),2,SYNCHRONIZATION,kits-export-C&S PORTFILIO.xlsx
2000A 4P EDO WITH MIRCROPRO4.1 RELAY WM2 ACB-C&S SYNC KIT,BUSBAR,,,,50X10MM,58,SYNCHRONIZATION,kits-export-C&S PORTFILIO.xlsx
2000A 4P EDO WITH MIRCROPRO4.1 RELAY WM2 ACB-C&S SYNC KIT,CONTROLLER,,,,DSE8610 MKII,2,SYNCHRONIZATION,kits-export-C&S PORTFILIO.xlsx
2000A 4P EDO WITH MIRCROPRO4.1 RELAY WM2 ACB-C&S SYNC KIT,CONTROLS,,,,CONTROLS & WIRING,2,SYNCHRONIZATION,kits-export-C&S PORTFILIO.xlsx
2000A 4P EDO WITH MIRCROPRO4.1 RELAY WM2 ACB-C&S SYNC KIT,CT,,,,2000A/5,8,SYNCHRONIZATION,kits-export-C&S PORTFILIO.xlsx
1600A 4P EDO WITH MIRCROPRO4.1 RELAY WM2-C&S SYNC KIT,ACB,,,,WX16N4PEDOA (S),2,SYNCHRONIZATION,kits-export-C&S PORTFILIO.xlsx
1600A 4P EDO WITH MIRCROPRO4.1 RELAY WM2-C&S SYNC KIT,BUSBAR,,,,50X10MM,30,SYNCHRONIZATION,kits-export-C&S PORTFILIO.xlsx
1600A 4P EDO WITH MIRCROPRO4.1 RELAY WM2-C&S SYNC KIT,CONTROLLER,,,,DSE8610 MKII,2,SYNCHRONIZATION,kits-export-C&S PORTFILIO.xlsx
1600A 4P EDO WITH MIRCROPRO4.1 RELAY WM2-C&S SYNC KIT,CONTROLS,,,,CONTROLS & WIRING,2,SYNCHRONIZATION,kits-export-C&S PORTFILIO.xlsx
1600A 4P EDO WITH MIRCROPRO4.1 RELAY WM2-C&S SYNC KIT,CT,,,,1600A/5,8,SYNCHRONIZATION,kits-export-C&S PORTFILIO.xlsx
1250A 4P EDO WITH MIRCROPRO4.1 RELAY WM2 ACB-C&S SYNC KIT,ACB,,,,WX12N4PEDOA (S),2,SYNCHRONIZATION,kits-export-C&S PORTFILIO.xlsx
1250A 4P EDO WITH MIRCROPRO4.1 RELAY WM2 ACB-C&S SYNC KIT,BUSBAR,,,,40X10MM,30,SYNCHRONIZATION,kits-export-C&S PORTFILIO.xlsx
1250A 4P EDO WITH MIRCROPRO4.1 RELAY WM2 ACB-C&S SYNC KIT,CONTROLLER,,,,DSE8610 MKII,2,SYNCHRONIZATION,kits-export-C&S PORTFILIO.xlsx
1250A 4P EDO WITH MIRCROPRO4.1 RELAY WM2 ACB-C&S SYNC KIT,CONTROLS,,,,CONTROLS & WIRING,2,SYNCHRONIZATION,kits-export-C&S PORTFILIO.xlsx
1250A 4P EDO WITH MIRCROPRO4.1 RELAY WM2 ACB-C&S SYNC KIT,CT,,,,1250A/5,8,SYNCHRONIZATION,kits-export-C&S PORTFILIO.xlsx
